timestamp,side,outcome,price,size,usdc,market
2026-03-19 22:32:35.000,BUY,Up,0.22000057073824994,0.210254,0,"XRP Up or Down - March 19, 6:30PM-6:35PM ET"
2026-03-19 22:32:35.000,BUY,Up,0.24,0.12,0,"Bitcoin Up or Down - March 19, 6:30PM-6:35PM ET"
2026-03-19 22:32:35.000,BUY,Up,0.2400000366265484,3.276312,0,"Bitcoin Up or Down - March 19, 6:30PM-6:35PM ET"
2026-03-19 22:32:35.000,BUY,Up,0.13000001466745936,8.181376,0,"Solana Up or Down - March 19, 6:30PM-6:35PM ET"
2026-03-19 22:32:35.000,BUY,Up,0.24000000325473447,61.448945,0,"Bitcoin Up or Down - March 19, 6:30PM-6:35PM ET"
2026-03-19 22:32:35.000,BUY,Up,0.22000012880779088,1.397431,0,"XRP Up or Down - March 19, 6:30PM-6:35PM ET"
2026-03-19 22:32:33.000,BUY,Up,0.3700000078461452,24.215713,0,"Bitcoin Up or Down - March 19, 6:30PM-6:35PM ET"
2026-03-19 22:32:33.000,BUY,Up,0.2,20,0,"XRP Up or Down - March 19, 6:30PM-6:35PM ET"
2026-03-19 22:32:31.000,BUY,Up,0.37,41,0,"Bitcoin Up or Down - March 19, 6:30PM-6:35PM ET"
2026-03-19 22:32:31.000,BUY,Up,0.37,9.78,0,"Bitcoin Up or Down - March 19, 6:30PM-6:35PM ET"
2026-03-19 22:32:29.000,BUY,Up,0.38,30,0,"Bitcoin Up or Down - March 19, 6:30PM-6:35PM ET"
2026-03-19 22:32:29.000,BUY,Up,0.38,11.24,0,"Bitcoin Up or Down - March 19, 6:30PM-6:35PM ET"
2026-03-19 22:32:29.000,BUY,Up,0.38,33.76,0,"Bitcoin Up or Down - March 19, 6:30PM-6:35PM ET"
2026-03-19 22:32:29.000,BUY,Up,0.17000003920653808,2.040476,0,"Solana Up or Down - March 19, 6:30PM-6:35PM ET"
2026-03-19 22:32:27.000,BUY,Down,0.75,4.8,0,"Solana Up or Down - March 19, 6:30PM-6:35PM ET"
2026-03-19 22:32:27.000,BUY,Down,0.56,2.15,0,"XRP Up or Down - March 19, 6:30PM-6:35PM ET"
2026-03-19 22:32:27.000,BUY,Down,0.5600000319471977,13.772726,0,"XRP Up or Down - March 19, 6:30PM-6:35PM ET"
2026-03-19 22:32:27.000,BUY,Down,0.5600000394618976,5.06818,0,"XRP Up or Down - March 19, 6:30PM-6:35PM ET"
2026-03-19 22:32:27.000,BUY,Down,0.75,6.96,0,"Solana Up or Down - March 19, 6:30PM-6:35PM ET"
2026-03-19 22:32:27.000,BUY,Down,0.75,9.24,0,"Solana Up or Down - March 19, 6:30PM-6:35PM ET"
2026-03-19 22:32:21.000,BUY,Up,0.4200000734667063,5.172411,0,"XRP Up or Down - March 19, 6:30PM-6:35PM ET"
2026-03-19 22:32:21.000,BUY,Up,0.42,7.06,0,"XRP Up or Down - March 19, 6:30PM-6:35PM ET"
2026-03-19 22:32:21.000,BUY,Up,0.4200000734667063,5.172411,0,"XRP Up or Down - March 19, 6:30PM-6:35PM ET"
2026-03-19 22:32:21.000,BUY,Up,0.4200000570492059,3.155171,0,"XRP Up or Down - March 19, 6:30PM-6:35PM ET"
2026-03-19 22:32:21.000,BUY,Up,0.42000028642079035,0.418964,0,"XRP Up or Down - March 19, 6:30PM-6:35PM ET"
2026-03-19 22:32:19.000,BUY,Down,0.78,5,0,"Solana Up or Down - March 19, 6:30PM-6:35PM ET"
2026-03-19 22:32:19.000,BUY,Up,0.58,13.66,0,"Ethereum Up or Down - March 19, 6:30PM-6:35PM ET"
2026-03-19 22:32:17.000,BUY,Up,0.5800002239256119,1.429046,0,"Ethereum Up or Down - March 19, 6:30PM-6:35PM ET"
2026-03-19 22:32:17.000,BUY,Up,0.58,5,0,"Ethereum Up or Down - March 19, 6:30PM-6:35PM ET"
2026-03-19 22:32:17.000,BUY,Up,0.58,5,0,"Ethereum Up or Down - March 19, 6:30PM-6:35PM ET"
2026-03-19 22:32:07.000,BUY,Up,0.11,52.43,0,"Bitcoin Up or Down - March 19, 6:30PM-6:35PM ET"
2026-03-19 22:32:07.000,BUY,Up,0.09,21,0,"Solana Up or Down - March 19, 6:30PM-6:35PM ET"
2026-03-19 22:32:07.000,BUY,Up,0.11,22.57,0,"Bitcoin Up or Down - March 19, 6:30PM-6:35PM ET"
2026-03-19 22:32:05.000,BUY,Up,0.07,4.11,0,"Solana Up or Down - March 19, 6:30PM-6:35PM ET"
2026-03-19 22:32:05.000,BUY,Down,0.7100001334000721,3.448274,0,"Ethereum Up or Down - March 19, 6:30PM-6:35PM ET"
2026-03-19 22:32:05.000,BUY,Up,0.07000000462166225,6.491171,0,"Solana Up or Down - March 19, 6:30PM-6:35PM ET"
2026-03-19 22:31:59.000,BUY,Up,0.19000003834322748,4.172836,0,"XRP Up or Down - March 19, 6:30PM-6:35PM ET"
2026-03-19 22:31:53.000,BUY,Up,0.13000006525015823,1.379307,0,"Solana Up or Down - March 19, 6:30PM-6:35PM ET"
2026-03-19 22:31:51.000,BUY,Up,0.13,21,0,"Solana Up or Down - March 19, 6:30PM-6:35PM ET"
2026-03-19 22:31:45.000,BUY,Up,0.11000001146908679,4.359545,0,"Solana Up or Down - March 19, 6:30PM-6:35PM ET"
2026-03-19 22:31:45.000,BUY,Up,0.16,3,0,"XRP Up or Down - March 19, 6:30PM-6:35PM ET"
2026-03-19 22:31:45.000,BUY,Up,0.11,5,0,"Solana Up or Down - March 19, 6:30PM-6:35PM ET"
2026-03-19 22:31:41.000,BUY,Up,0.11,6.06,0,"Solana Up or Down - March 19, 6:30PM-6:35PM ET"
2026-03-19 22:31:41.000,BUY,Up,0.17,21,0,"XRP Up or Down - March 19, 6:30PM-6:35PM ET"
2026-03-19 22:31:35.000,BUY,Up,0.18000001640001606,1.219511,0,"XRP Up or Down - March 19, 6:30PM-6:35PM ET"
2026-03-19 22:31:35.000,BUY,Up,0.18,5.82,0,"XRP Up or Down - March 19, 6:30PM-6:35PM ET"
2026-03-19 22:31:31.000,BUY,Up,0.1,5.55555,0,"Solana Up or Down - March 19, 6:30PM-6:35PM ET"
2026-03-19 22:31:31.000,BUY,Up,0.1,5,0,"Solana Up or Down - March 19, 6:30PM-6:35PM ET"
2026-03-19 22:31:29.000,BUY,Up,0.1,5,0,"Solana Up or Down - March 19, 6:30PM-6:35PM ET"
2026-03-19 22:31:23.000,BUY,Up,0.23,4,0,"Ethereum Up or Down - March 19, 6:30PM-6:35PM ET"
2026-03-19 22:31:21.000,BUY,Down,0.82,75,0,"Bitcoin Up or Down - March 19, 6:30PM-6:35PM ET"
2026-03-19 22:31:19.000,BUY,Down,0.77,9.73,0,"XRP Up or Down - March 19, 6:30PM-6:35PM ET"
2026-03-19 22:31:19.000,BUY,Down,0.7700000568339848,11.260868,0,"XRP Up or Down - March 19, 6:30PM-6:35PM ET"
2026-03-19 22:31:19.000,BUY,Up,0.23,39,0,"Ethereum Up or Down - March 19, 6:30PM-6:35PM ET"
2026-03-19 22:31:17.000,BUY,Up,0.21,3.24,0,"Ethereum Up or Down - March 19, 6:30PM-6:35PM ET"
2026-03-19 22:31:17.000,BUY,Up,0.21,8.33,0,"Ethereum Up or Down - March 19, 6:30PM-6:35PM ET"
2026-03-19 22:31:17.000,BUY,Down,0.7700000453698665,15.869564,0,"Ethereum Up or Down - March 19, 6:30PM-6:35PM ET"
2026-03-19 22:31:17.000,BUY,Up,0.21,7.68,0,"Ethereum Up or Down - March 19, 6:30PM-6:35PM ET"
2026-03-19 22:31:17.000,BUY,Down,0.77,18.43,0,"Ethereum Up or Down - March 19, 6:30PM-6:35PM ET"
2026-03-19 22:31:15.000,BUY,Up,0.21,6.67,0,"Ethereum Up or Down - March 19, 6:30PM-6:35PM ET"
2026-03-19 22:31:15.000,BUY,Up,0.21,7.14,0,"Ethereum Up or Down - March 19, 6:30PM-6:35PM ET"
2026-03-19 22:31:15.000,BUY,Up,0.21,2.78,0,"Ethereum Up or Down - March 19, 6:30PM-6:35PM ET"
2026-03-19 22:31:15.000,BUY,Down,0.82,7.73,0,"Ethereum Up or Down - March 19, 6:30PM-6:35PM ET"
2026-03-19 22:31:13.000,BUY,Down,0.8200000379552757,17.388887,0,"Ethereum Up or Down - March 19, 6:30PM-6:35PM ET"
2026-03-19 22:31:13.000,BUY,Down,0.82,7.47,0,"Ethereum Up or Down - March 19, 6:30PM-6:35PM ET"
2026-03-19 22:31:13.000,BUY,Up,0.16,39,0,"Ethereum Up or Down - March 19, 6:30PM-6:35PM ET"
2026-03-19 22:31:13.000,BUY,Up,0.09,21,0,"Solana Up or Down - March 19, 6:30PM-6:35PM ET"
2026-03-19 22:31:13.000,BUY,Up,0.09,75,0,"Bitcoin Up or Down - March 19, 6:30PM-6:35PM ET"
2026-03-19 22:31:09.000,BUY,Down,0.86,22.61,0,"Ethereum Up or Down - March 19, 6:30PM-6:35PM ET"
2026-03-19 22:31:07.000,BUY,Down,0.85,21,0,"XRP Up or Down - March 19, 6:30PM-6:35PM ET"
2026-03-19 22:31:05.000,BUY,Up,0.13000000570491987,7.011492,0,"XRP Up or Down - March 19, 6:30PM-6:35PM ET"
2026-03-19 22:31:05.000,BUY,Up,0.13000001357607968,8.839076,0,"XRP Up or Down - March 19, 6:30PM-6:35PM ET"
2026-03-19 22:31:03.000,BUY,Down,0.8100000430666713,15.789472,0,"XRP Up or Down - March 19, 6:30PM-6:35PM ET"
2026-03-19 22:31:01.000,BUY,Up,0.16,21,0,"XRP Up or Down - March 19, 6:30PM-6:35PM ET"
2026-03-19 22:31:01.000,BUY,Down,0.78,12.05,0,"Ethereum Up or Down - March 19, 6:30PM-6:35PM ET"
2026-03-19 22:31:01.000,BUY,Down,0.8,10,0,"Ethereum Up or Down - March 19, 6:30PM-6:35PM ET"
2026-03-19 22:30:53.000,BUY,Down,0.74,20.09,0,"Bitcoin Up or Down - March 19, 6:30PM-6:35PM ET"
2026-03-19 22:30:49.000,BUY,Down,0.78,6,0,"Solana Up or Down - March 19, 6:30PM-6:35PM ET"
2026-03-19 22:30:49.000,BUY,Down,0.78,2.61,0,"Solana Up or Down - March 19, 6:30PM-6:35PM ET"
2026-03-19 22:30:49.000,BUY,Down,0.78,6,0,"Solana Up or Down - March 19, 6:30PM-6:35PM ET"
2026-03-19 22:30:47.000,BUY,Down,0.8,21,0,"Solana Up or Down - March 19, 6:30PM-6:35PM ET"
2026-03-19 22:30:47.000,BUY,Down,0.81,21,0,"Solana Up or Down - March 19, 6:30PM-6:35PM ET"
2026-03-19 22:30:47.000,BUY,Down,0.7900001412727606,5.238094,0,"XRP Up or Down - March 19, 6:30PM-6:35PM ET"
2026-03-19 22:30:47.000,BUY,Down,0.7900001412727606,5.238094,0,"XRP Up or Down - March 19, 6:30PM-6:35PM ET"
2026-03-19 22:30:47.000,BUY,Down,0.7900001627500773,3.809522,0,"XRP Up or Down - March 19, 6:30PM-6:35PM ET"
2026-03-19 22:30:45.000,BUY,Down,0.66,8,0,"XRP Up or Down - March 19, 6:30PM-6:35PM ET"
2026-03-19 22:30:45.000,BUY,Down,0.66,13,0,"XRP Up or Down - March 19, 6:30PM-6:35PM ET"
2026-03-19 22:30:45.000,BUY,Down,0.7100000372421084,16.379309,0,"Solana Up or Down - March 19, 6:30PM-6:35PM ET"
2026-03-19 22:30:45.000,BUY,Up,0.3400000124822752,6.409088,0,"XRP Up or Down - March 19, 6:30PM-6:35PM ET"
2026-03-19 22:30:45.000,BUY,Up,0.34,5.31,0,"XRP Up or Down - March 19, 6:30PM-6:35PM ET"
2026-03-19 22:30:45.000,BUY,Up,0.3400000172549043,9.272726,0,"XRP Up or Down - March 19, 6:30PM-6:35PM ET"
2026-03-19 22:30:43.000,BUY,Down,0.66,8,0,"XRP Up or Down - March 19, 6:30PM-6:35PM ET"
2026-03-19 22:30:39.000,BUY,Up,0.36,15.625,0,"Solana Up or Down - March 19, 6:30PM-6:35PM ET"
2026-03-19 22:30:35.000,BUY,Up,0.4,22.83,0,"Ethereum Up or Down - March 19, 6:30PM-6:35PM ET"
2026-03-19 22:30:35.000,BUY,Up,0.40000008955229227,2.233332,0,"Ethereum Up or Down - March 19, 6:30PM-6:35PM ET"
2026-03-19 22:30:33.000,BUY,Up,0.4,13.93,0,"Ethereum Up or Down - March 19, 6:30PM-6:35PM ET"
2026-03-19 22:30:31.000,,,0,253.889771,0,"Bitcoin Up or Down - March 19, 6:20PM-6:25PM ET"
2026-03-19 22:30:31.000,,,0,132.89,0,"Ethereum Up or Down - March 19, 6:20PM-6:25PM ET"
2026-03-19 22:30:31.000,,,0,235.197133,0,"XRP Up or Down - March 19, 6:20PM-6:25PM ET"
2026-03-19 22:30:31.000,,,0,262.864681,0,"Solana Up or Down - March 19, 6:20PM-6:25PM ET"
2026-03-19 22:30:29.000,BUY,Down,0.620000010462342,51.613683,0,"Bitcoin Up or Down - March 19, 6:30PM-6:35PM ET"
2026-03-19 22:30:29.000,BUY,Down,0.68,20.0625,0,"XRP Up or Down - March 19, 6:30PM-6:35PM ET"
2026-03-19 22:30:27.000,BUY,Down,0.63,21,0,"Solana Up or Down - March 19, 6:30PM-6:35PM ET"
2026-03-19 22:30:21.000,BUY,Down,0.5,75,0,"Bitcoin Up or Down - March 19, 6:30PM-6:35PM ET"
2026-03-19 22:30:17.000,BUY,Down,0.53,15,0,"Bitcoin Up or Down - March 19, 6:30PM-6:35PM ET"
2026-03-19 22:30:17.000,BUY,Down,0.53,8,0,"Bitcoin Up or Down - March 19, 6:30PM-6:35PM ET"
2026-03-19 22:30:17.000,BUY,Down,0.53,6,0,"Bitcoin Up or Down - March 19, 6:30PM-6:35PM ET"
2026-03-19 22:30:17.000,BUY,Up,0.44,64.26,0,"Bitcoin Up or Down - March 19, 6:30PM-6:35PM ET"
2026-03-19 22:30:17.000,BUY,Up,0.4400001568001129,1.785713,0,"Bitcoin Up or Down - March 19, 6:30PM-6:35PM ET"
2026-03-19 22:30:15.000,BUY,Down,0.52,12.25,0,"Ethereum Up or Down - March 19, 6:30PM-6:35PM ET"
2026-03-19 22:30:15.000,BUY,Down,0.55,3.77,0,"Bitcoin Up or Down - March 19, 6:30PM-6:35PM ET"
2026-03-19 22:30:15.000,BUY,Down,0.53,10.2,0,"Bitcoin Up or Down - March 19, 6:30PM-6:35PM ET"
2026-03-19 22:30:15.000,BUY,Up,0.46,21,0,"Solana Up or Down - March 19, 6:30PM-6:35PM ET"
2026-03-19 22:30:15.000,BUY,Down,0.52,6.125,0,"Ethereum Up or Down - March 19, 6:30PM-6:35PM ET"
2026-03-19 22:30:13.000,BUY,Up,0.4400001568001129,1.785713,0,"Bitcoin Up or Down - March 19, 6:30PM-6:35PM ET"
2026-03-19 22:30:13.000,BUY,Down,0.5500000642857313,5.444443,0,"Bitcoin Up or Down - March 19, 6:30PM-6:35PM ET"
2026-03-19 22:30:13.000,BUY,Down,0.53,15,0,"Bitcoin Up or Down - March 19, 6:30PM-6:35PM ET"
2026-03-19 22:30:13.000,BUY,Up,0.4400001568001129,1.785713,0,"Bitcoin Up or Down - March 19, 6:30PM-6:35PM ET"
2026-03-19 22:30:13.000,BUY,Down,0.53,11.66,0,"Bitcoin Up or Down - March 19, 6:30PM-6:35PM ET"
2026-03-19 22:30:13.000,BUY,Up,0.4400001568001129,1.785713,0,"Bitcoin Up or Down - March 19, 6:30PM-6:35PM ET"
2026-03-19 22:30:11.000,BUY,Down,0.54,14,0,"XRP Up or Down - March 19, 6:30PM-6:35PM ET"
2026-03-19 22:30:11.000,BUY,Down,0.53,9.14,0,"Bitcoin Up or Down - March 19, 6:30PM-6:35PM ET"
2026-03-19 22:30:11.000,BUY,Up,0.4400001568001129,1.785713,0,"Bitcoin Up or Down - March 19, 6:30PM-6:35PM ET"
2026-03-19 22:30:11.000,BUY,Down,0.55,52.78,0,"Bitcoin Up or Down - March 19, 6:30PM-6:35PM ET"
2026-03-19 22:30:11.000,BUY,Up,0.4400001568001129,1.785713,0,"Bitcoin Up or Down - March 19, 6:30PM-6:35PM ET"
2026-03-19 22:30:11.000,BUY,Down,0.55,13,0,"Bitcoin Up or Down - March 19, 6:30PM-6:35PM ET"
2026-03-19 22:30:11.000,BUY,Down,0.520000008937392,40.280207,0,"Bitcoin Up or Down - March 19, 6:30PM-6:35PM ET"
2026-03-19 22:30:09.000,BUY,Up,0.48000002688419363,13.390768,0,"XRP Up or Down - March 19, 6:30PM-6:35PM ET"
2026-03-19 22:30:09.000,BUY,Down,0.54,51.37,0,"Bitcoin Up or Down - March 19, 6:30PM-6:35PM ET"
2026-03-19 22:30:09.000,BUY,Down,0.5400000076205208,23.620433,0,"Bitcoin Up or Down - March 19, 6:30PM-6:35PM ET"
2026-03-19 22:30:09.000,BUY,Down,0.55,21,0,"Solana Up or Down - March 19, 6:30PM-6:35PM ET"
2026-03-19 22:29:59.000,BUY,Up,0.87,17.48,0,"XRP Up or Down - March 19, 6:25PM-6:30PM ET"
2026-03-19 22:29:57.000,BUY,Down,0.41,44.91,0,"Bitcoin Up or Down - March 19, 6:25PM-6:30PM ET"
2026-03-19 22:29:57.000,BUY,Down,0.41,30.09,0,"Bitcoin Up or Down - March 19, 6:25PM-6:30PM ET"
2026-03-19 22:29:53.000,BUY,Up,0.5300000067394016,68.255318,0,"Bitcoin Up or Down - March 19, 6:25PM-6:30PM ET"
2026-03-19 22:29:53.000,BUY,Up,0.54,75,0,"Bitcoin Up or Down - March 19, 6:25PM-6:30PM ET"
2026-03-19 22:29:53.000,BUY,Up,0.570000049450019,4.651161,0,"Bitcoin Up or Down - March 19, 6:25PM-6:30PM ET"
2026-03-19 22:29:53.000,BUY,Down,0.41,75,0,"Bitcoin Up or Down - March 19, 6:25PM-6:30PM ET"
2026-03-19 22:29:53.000,BUY,Up,0.53,6.74,0,"Bitcoin Up or Down - March 19, 6:25PM-6:30PM ET"
2026-03-19 22:29:53.000,BUY,Up,0.95,18,0,"XRP Up or Down - March 19, 6:25PM-6:30PM ET"
2026-03-19 22:29:51.000,BUY,Up,0.4800000166400028,9.615383,0,"Bitcoin Up or Down - March 19, 6:25PM-6:30PM ET"
2026-03-19 22:29:49.000,BUY,Up,0.92,0.1,0,"XRP Up or Down - March 19, 6:25PM-6:30PM ET"
2026-03-19 22:29:49.000,BUY,Down,0.6,21,0,"Solana Up or Down - March 19, 6:25PM-6:30PM ET"
2026-03-19 22:29:49.000,BUY,Up,0.92,3,0,"XRP Up or Down - March 19, 6:25PM-6:30PM ET"
2026-03-19 22:29:49.000,BUY,Up,0.92,20.9,0,"XRP Up or Down - March 19, 6:25PM-6:30PM ET"
2026-03-19 22:29:49.000,BUY,Up,0.92,15.355,0,"XRP Up or Down - March 19, 6:25PM-6:30PM ET"
2026-03-19 22:29:47.000,BUY,Down,0.08000000774737814,5.163037,0,"XRP Up or Down - March 19, 6:25PM-6:30PM ET"
2026-03-19 22:29:45.000,BUY,Down,0.1,6,0,"XRP Up or Down - March 19, 6:25PM-6:30PM ET"
2026-03-19 22:29:45.000,BUY,Down,0.1,5,0,"XRP Up or Down - March 19, 6:25PM-6:30PM ET"
2026-03-19 22:29:45.000,BUY,Up,0.39,5,0,"Bitcoin Up or Down - March 19, 6:25PM-6:30PM ET"
2026-03-19 22:29:45.000,BUY,Down,0.1,2.5,0,"XRP Up or Down - March 19, 6:25PM-6:30PM ET"
2026-03-19 22:29:43.000,BUY,Down,0.1100000890004361,1.12359,0,"XRP Up or Down - March 19, 6:25PM-6:30PM ET"
2026-03-19 22:29:43.000,BUY,Up,0.39,5,0,"Bitcoin Up or Down - March 19, 6:25PM-6:30PM ET"
2026-03-19 22:29:43.000,BUY,Up,0.39,5,0,"Bitcoin Up or Down - March 19, 6:25PM-6:30PM ET"
2026-03-19 22:29:43.000,BUY,Up,0.39,5,0,"Bitcoin Up or Down - March 19, 6:25PM-6:30PM ET"
2026-03-19 22:29:43.000,BUY,Up,0.39,5,0,"Bitcoin Up or Down - March 19, 6:25PM-6:30PM ET"
2026-03-19 22:29:43.000,BUY,Up,0.39,5,0,"Bitcoin Up or Down - March 19, 6:25PM-6:30PM ET"
2026-03-19 22:29:43.000,BUY,Down,0.11,11.31,0,"XRP Up or Down - March 19, 6:25PM-6:30PM ET"
2026-03-19 22:29:43.000,BUY,Up,0.8700001064762046,8.076922,0,"XRP Up or Down - March 19, 6:25PM-6:30PM ET"
2026-03-19 22:29:43.000,BUY,Up,0.8700001064762046,8.076922,0,"XRP Up or Down - March 19, 6:25PM-6:30PM ET"
2026-03-19 22:29:43.000,BUY,Up,0.39,5,0,"Bitcoin Up or Down - March 19, 6:25PM-6:30PM ET"
2026-03-19 22:29:43.000,BUY,Up,0.39,5,0,"Bitcoin Up or Down - March 19, 6:25PM-6:30PM ET"
2026-03-19 22:29:41.000,BUY,Up,0.39,5,0,"Bitcoin Up or Down - March 19, 6:25PM-6:30PM ET"
2026-03-19 22:29:41.000,BUY,Up,0.39,5,0,"Bitcoin Up or Down - March 19, 6:25PM-6:30PM ET"
2026-03-19 22:29:41.000,BUY,Up,0.39,5,0,"Bitcoin Up or Down - March 19, 6:25PM-6:30PM ET"
2026-03-19 22:29:37.000,BUY,Up,0.4,21,0,"Solana Up or Down - March 19, 6:25PM-6:30PM ET"
2026-03-19 22:29:37.000,BUY,Down,0.5800018000180002,0.166665,0,"Solana Up or Down - March 19, 6:25PM-6:30PM ET"
2026-03-19 22:29:37.000,BUY,Up,0.39000004108810143,6.327866,0,"Solana Up or Down - March 19, 6:25PM-6:30PM ET"
2026-03-19 22:29:37.000,BUY,Up,0.39,6.86,0,"Solana Up or Down - March 19, 6:25PM-6:30PM ET"
2026-03-19 22:29:37.000,BUY,Up,0.3900000461344697,7.803276,0,"Solana Up or Down - March 19, 6:25PM-6:30PM ET"
2026-03-19 22:29:35.000,BUY,Up,0.3900000645192446,5.114753,0,"Solana Up or Down - March 19, 6:25PM-6:30PM ET"
2026-03-19 22:29:35.000,BUY,Up,0.3900000231411308,8.64262,0,"Solana Up or Down - March 19, 6:25PM-6:30PM ET"
2026-03-19 22:29:35.000,BUY,Down,0.55,50,0,"Bitcoin Up or Down - March 19, 6:25PM-6:30PM ET"
2026-03-19 22:29:35.000,BUY,Down,0.55,20.45,0,"Bitcoin Up or Down - March 19, 6:25PM-6:30PM ET"
2026-03-19 22:29:35.000,BUY,Down,0.55,4.55,0,"Bitcoin Up or Down - March 19, 6:25PM-6:30PM ET"
2026-03-19 22:29:35.000,BUY,Up,0.4,1,0,"Solana Up or Down - March 19, 6:25PM-6:30PM ET"
2026-03-19 22:29:35.000,BUY,Down,0.630000105440439,5.216215,0,"Solana Up or Down - March 19, 6:25PM-6:30PM ET"
2026-03-19 22:29:35.000,BUY,Down,0.6200000782191187,6.903683,0,"Solana Up or Down - March 19, 6:25PM-6:30PM ET"
2026-03-19 22:29:35.000,BUY,Down,0.63,10.56,0,"Solana Up or Down - March 19, 6:25PM-6:30PM ET"
2026-03-19 22:29:35.000,BUY,Down,0.19,15,0,"XRP Up or Down - March 19, 6:25PM-6:30PM ET"
2026-03-19 22:29:35.000,BUY,Down,0.630000105440439,5.216215,0,"Solana Up or Down - March 19, 6:25PM-6:30PM ET"
2026-03-19 22:29:33.000,BUY,Down,0.03,25.0206,0,"Ethereum Up or Down - March 19, 6:25PM-6:30PM ET"
2026-03-19 22:29:31.000,BUY,Up,0.36,21,0,"Solana Up or Down - March 19, 6:25PM-6:30PM ET"
2026-03-19 22:29:25.000,BUY,Down,0.6,18.18,0,"Solana Up or Down - March 19, 6:25PM-6:30PM ET"
2026-03-19 22:29:23.000,BUY,Down,0.05,5.5263,0,"Ethereum Up or Down - March 19, 6:25PM-6:30PM ET"
2026-03-19 22:29:23.000,BUY,Down,0.05,5.26314,0,"Ethereum Up or Down - March 19, 6:25PM-6:30PM ET"
2026-03-19 22:29:17.000,BUY,Up,0.41,10.35,0,"Solana Up or Down - March 19, 6:25PM-6:30PM ET"
2026-03-19 22:29:13.000,BUY,Up,0.69,11.36,0,"XRP Up or Down - March 19, 6:25PM-6:30PM ET"
2026-03-19 22:29:13.000,BUY,Down,0.6,21,0,"Solana Up or Down - March 19, 6:25PM-6:30PM ET"
2026-03-19 22:29:07.000,BUY,Down,0.54,5,0,"Bitcoin Up or Down - March 19, 6:25PM-6:30PM ET"
2026-03-19 22:29:07.000,BUY,Down,0.54,5,0,"Bitcoin Up or Down - March 19, 6:25PM-6:30PM ET"
2026-03-19 22:29:07.000,BUY,Down,0.54,5,0,"Bitcoin Up or Down - March 19, 6:25PM-6:30PM ET"
2026-03-19 22:29:07.000,BUY,Down,0.54,14.96,0,"Bitcoin Up or Down - March 19, 6:25PM-6:30PM ET"
2026-03-19 22:29:07.000,BUY,Down,0.54,8.54,0,"Bitcoin Up or Down - March 19, 6:25PM-6:30PM ET"
2026-03-19 22:29:05.000,BUY,Down,0.5400000175031419,11.42652,0,"Bitcoin Up or Down - March 19, 6:25PM-6:30PM ET"
2026-03-19 22:29:05.000,BUY,Down,0.54,5,0,"Bitcoin Up or Down - March 19, 6:25PM-6:30PM ET"
2026-03-19 22:29:05.000,BUY,Down,0.5400003471714209,0.403259,0,"Bitcoin Up or Down - March 19, 6:25PM-6:30PM ET"
2026-03-19 22:29:05.000,BUY,Down,0.6,10,0,"Solana Up or Down - March 19, 6:25PM-6:30PM ET"
2026-03-19 22:29:05.000,BUY,Up,0.6700000453968311,11.454544,0,"XRP Up or Down - March 19, 6:25PM-6:30PM ET"
2026-03-19 22:29:03.000,BUY,Down,0.11000000256299587,15.606736,0,"Ethereum Up or Down - March 19, 6:25PM-6:30PM ET"
2026-03-19 22:29:01.000,BUY,Down,0.34,1,0,"XRP Up or Down - March 19, 6:25PM-6:30PM ET"
2026-03-19 22:29:01.000,BUY,Down,0.6,5,0,"Solana Up or Down - March 19, 6:25PM-6:30PM ET"
2026-03-19 22:29:01.000,BUY,Down,0.6,5,0,"Solana Up or Down - March 19, 6:25PM-6:30PM ET"
2026-03-19 22:28:59.000,BUY,Down,0.6,21,0,"Solana Up or Down - March 19, 6:25PM-6:30PM ET"
2026-03-19 22:28:59.000,BUY,Down,0.6,21,0,"Solana Up or Down - March 19, 6:25PM-6:30PM ET"
2026-03-19 22:28:55.000,BUY,Down,0.34,20,0,"XRP Up or Down - March 19, 6:25PM-6:30PM ET"
2026-03-19 22:28:47.000,BUY,Down,0.54,75,0,"Bitcoin Up or Down - March 19, 6:25PM-6:30PM ET"
2026-03-19 22:28:41.000,,,0,745.083526,0,"Bitcoin Up or Down - March 19, 6:25PM-6:30PM ET"
2026-03-19 22:28:39.000,BUY,Down,0.580000088115043,2.26976,0,"Solana Up or Down - March 19, 6:25PM-6:30PM ET"
2026-03-19 22:28:37.000,BUY,Up,0.45,63.27,0,"Bitcoin Up or Down - March 19, 6:25PM-6:30PM ET"
2026-03-19 22:28:37.000,BUY,Up,0.45,3.99,0,"Bitcoin Up or Down - March 19, 6:25PM-6:30PM ET"
2026-03-19 22:28:37.000,BUY,Up,0.45000009777780386,4.090908,0,"Bitcoin Up or Down - March 19, 6:25PM-6:30PM ET"
2026-03-19 22:28:37.000,BUY,Up,0.4500000275000124,3.636362,0,"Bitcoin Up or Down - March 19, 6:25PM-6:30PM ET"
2026-03-19 22:28:35.000,BUY,Down,0.5300001222000904,2.127658,0,"Bitcoin Up or Down - March 19, 6:25PM-6:30PM ET"
2026-03-19 22:28:35.000,BUY,Down,0.5300001222000904,2.127658,0,"Bitcoin Up or Down - March 19, 6:25PM-6:30PM ET"
2026-03-19 22:28:35.000,BUY,Down,0.53,1.45,0,"Bitcoin Up or Down - March 19, 6:25PM-6:30PM ET"
2026-03-19 22:28:35.000,BUY,Down,0.53,14.51,0,"Bitcoin Up or Down - March 19, 6:25PM-6:30PM ET"
2026-03-19 22:28:35.000,BUY,Down,0.5300000412281027,2.42553,0,"Bitcoin Up or Down - March 19, 6:25PM-6:30PM ET"
2026-03-19 22:28:35.000,BUY,Down,0.5300000084600007,21.276594,0,"Bitcoin Up or Down - March 19, 6:25PM-6:30PM ET"
2026-03-19 22:28:33.000,BUY,Down,0.530000011280002,10.638296,0,"Bitcoin Up or Down - March 19, 6:25PM-6:30PM ET"
2026-03-19 22:28:33.000,BUY,Down,0.5300001081000292,4.255318,0,"Bitcoin Up or Down - March 19, 6:25PM-6:30PM ET"
2026-03-19 22:28:33.000,BUY,Down,0.5,10,0,"Bitcoin Up or Down - March 19, 6:25PM-6:30PM ET"
2026-03-19 22:28:33.000,BUY,Up,0.48,55,0,"Bitcoin Up or Down - March 19, 6:25PM-6:30PM ET"
2026-03-19 22:28:33.000,BUY,Down,0.5300000698393751,5.297871,0,"Bitcoin Up or Down - March 19, 6:25PM-6:30PM ET"
2026-03-19 22:28:33.000,BUY,Down,0.5300001196364419,2.340424,0,"Bitcoin Up or Down - March 19, 6:25PM-6:30PM ET"
2026-03-19 22:28:33.000,BUY,Down,0.530000045825007,8.510637,0,"Bitcoin Up or Down - March 19, 6:25PM-6:30PM ET"
2026-03-19 22:28:33.000,BUY,Up,0.6300000286216615,19.216215,0,"XRP Up or Down - March 19, 6:25PM-6:30PM ET"
2026-03-19 22:28:33.000,BUY,Down,0.51,0.2,0,"Bitcoin Up or Down - March 19, 6:25PM-6:30PM ET"
2026-03-19 22:28:33.000,BUY,Down,0.5100000368875122,2.982039,0,"Bitcoin Up or Down - March 19, 6:25PM-6:30PM ET"
2026-03-19 22:28:31.000,BUY,Down,0.5,15,0,"Bitcoin Up or Down - March 19, 6:25PM-6:30PM ET"
2026-03-19 22:28:31.000,BUY,Down,0.5,50,0,"Bitcoin Up or Down - March 19, 6:25PM-6:30PM ET"
2026-03-19 22:28:31.000,BUY,Up,0.48,20,0,"Bitcoin Up or Down - March 19, 6:25PM-6:30PM ET"
2026-03-19 22:28:31.000,BUY,Down,0.51,10.56,0,"Bitcoin Up or Down - March 19, 6:25PM-6:30PM ET"
2026-03-19 22:28:31.000,BUY,Down,0.51,64.44,0,"Bitcoin Up or Down - March 19, 6:25PM-6:30PM ET"
2026-03-19 22:28:29.000,BUY,Down,0.4400000707369076,1.696427,0,"XRP Up or Down - March 19, 6:25PM-6:30PM ET"
2026-03-19 22:28:27.000,BUY,Up,0.77,39,0,"Ethereum Up or Down - March 19, 6:25PM-6:30PM ET"
2026-03-19 22:28:25.000,BUY,Down,0.45,2,0,"XRP Up or Down - March 19, 6:25PM-6:30PM ET"
2026-03-19 22:28:25.000,BUY,Down,0.45000000744249075,13.436362,0,"XRP Up or Down - March 19, 6:25PM-6:30PM ET"
2026-03-19 22:28:23.000,BUY,Down,0.2200000175873807,11.37179,0,"Ethereum Up or Down - March 19, 6:25PM-6:30PM ET"
2026-03-19 22:28:23.000,BUY,Down,0.22000000361111277,5.538459,0,"Ethereum Up or Down - March 19, 6:25PM-6:30PM ET"
2026-03-19 22:28:23.000,BUY,Up,0.76,5.2,0,"Ethereum Up or Down - March 19, 6:25PM-6:30PM ET"
2026-03-19 22:28:23.000,BUY,Down,0.22,5,0,"Ethereum Up or Down - March 19, 6:25PM-6:30PM ET"
2026-03-19 22:28:23.000,BUY,Down,0.22,4.06,0,"Ethereum Up or Down - March 19, 6:25PM-6:30PM ET"
2026-03-19 22:28:23.000,BUY,Down,0.22,2.5641,0,"Ethereum Up or Down - March 19, 6:25PM-6:30PM ET"
2026-03-19 22:28:23.000,BUY,Down,0.22000000307389223,13.012818,0,"Ethereum Up or Down - March 19, 6:25PM-6:30PM ET"
2026-03-19 22:28:23.000,BUY,Down,0.22,5,0,"Ethereum Up or Down - March 19, 6:25PM-6:30PM ET"
2026-03-19 22:28:19.000,BUY,Up,0.26,40,0,"Bitcoin Up or Down - March 19, 6:25PM-6:30PM ET"
2026-03-19 22:28:19.000,BUY,Up,0.26,1.35135,0,"Bitcoin Up or Down - March 19, 6:25PM-6:30PM ET"
2026-03-19 22:28:19.000,BUY,Up,0.26,1.35135,0,"Bitcoin Up or Down - March 19, 6:25PM-6:30PM ET"
2026-03-19 22:28:19.000,BUY,Up,0.26000000888000036,27.027026,0,"Bitcoin Up or Down - March 19, 6:25PM-6:30PM ET"
2026-03-19 22:28:15.000,BUY,Down,0.6600000850000167,6.588234,0,"Bitcoin Up or Down - March 19, 6:25PM-6:30PM ET"
2026-03-19 22:28:15.000,BUY,Up,0.35,21,0,"Solana Up or Down - March 19, 6:25PM-6:30PM ET"
2026-03-19 22:28:15.000,BUY,Up,0.36,21,0,"Solana Up or Down - March 19, 6:25PM-6:30PM ET"
2026-03-19 22:28:15.000,BUY,Down,0.66,52.72,0,"Bitcoin Up or Down - March 19, 6:25PM-6:30PM ET"
2026-03-19 22:28:15.000,BUY,Down,0.61,5,0,"Solana Up or Down - March 19, 6:25PM-6:30PM ET"
2026-03-19 22:28:15.000,BUY,Down,0.6100000590546499,6.265383,0,"Solana Up or Down - March 19, 6:25PM-6:30PM ET"
2026-03-19 22:28:13.000,BUY,Down,0.660000170000085,2.941175,0,"Bitcoin Up or Down - March 19, 6:25PM-6:30PM ET"
2026-03-19 22:28:13.000,BUY,Down,0.6600001461086004,3.695881,0,"Bitcoin Up or Down - March 19, 6:25PM-6:30PM ET"
2026-03-19 22:28:13.000,BUY,Up,0.36,21,0,"Solana Up or Down - March 19, 6:25PM-6:30PM ET"
2026-03-19 22:28:13.000,BUY,Down,0.66,6,0,"Bitcoin Up or Down - March 19, 6:25PM-6:30PM ET"
2026-03-19 22:28:13.000,BUY,Down,0.66,3.04,0,"Bitcoin Up or Down - March 19, 6:25PM-6:30PM ET"
2026-03-19 22:28:13.000,BUY,Up,0.43,16,0,"XRP Up or Down - March 19, 6:25PM-6:30PM ET"
2026-03-19 22:28:11.000,BUY,Up,0.43,5,0,"XRP Up or Down - March 19, 6:25PM-6:30PM ET"
2026-03-19 22:28:11.000,BUY,Down,0.6700001072500188,6.060605,0,"Bitcoin Up or Down - March 19, 6:25PM-6:30PM ET"
2026-03-19 22:28:09.000,BUY,Down,0.74,18,0,"Solana Up or Down - March 19, 6:25PM-6:30PM ET"
2026-03-19 22:28:07.000,BUY,Down,0.6700000163704538,31.764544,0,"Bitcoin Up or Down - March 19, 6:25PM-6:30PM ET"
2026-03-19 22:28:07.000,BUY,Down,0.67,27.37,0,"Bitcoin Up or Down - March 19, 6:25PM-6:30PM ET"
2026-03-19 22:28:07.000,BUY,Up,0.24000003983229606,4.016841,0,"Solana Up or Down - March 19, 6:25PM-6:30PM ET"
2026-03-19 22:28:07.000,BUY,Down,0.6700001203529681,5.151514,0,"Bitcoin Up or Down - March 19, 6:25PM-6:30PM ET"
2026-03-19 22:28:07.000,BUY,Down,0.67,10.7,0,"Bitcoin Up or Down - March 19, 6:25PM-6:30PM ET"
2026-03-19 22:28:05.000,BUY,Down,0.74,3,0,"Solana Up or Down - March 19, 6:25PM-6:30PM ET"
2026-03-19 22:28:03.000,BUY,Down,0.74,4,0,"Solana Up or Down - March 19, 6:25PM-6:30PM ET"
2026-03-19 22:28:03.000,BUY,Down,0.74,2,0,"Solana Up or Down - March 19, 6:25PM-6:30PM ET"
2026-03-19 22:28:03.000,BUY,Down,0.74,5,0,"Solana Up or Down - March 19, 6:25PM-6:30PM ET"
2026-03-19 22:28:03.000,BUY,Down,0.74,5,0,"Solana Up or Down - March 19, 6:25PM-6:30PM ET"
2026-03-19 22:28:03.000,BUY,Down,0.74,5,0,"Solana Up or Down - March 19, 6:25PM-6:30PM ET"
2026-03-19 22:28:01.000,BUY,Up,0.33,60.66,0,"Bitcoin Up or Down - March 19, 6:25PM-6:30PM ET"
2026-03-19 22:28:01.000,BUY,Up,0.34,75,0,"Bitcoin Up or Down - March 19, 6:25PM-6:30PM ET"
2026-03-19 22:28:01.000,BUY,Up,0.4400000336000148,3.571427,0,"XRP Up or Down - March 19, 6:25PM-6:30PM ET"
2026-03-19 22:27:57.000,BUY,Up,0.34,75,0,"Bitcoin Up or Down - March 19, 6:25PM-6:30PM ET"
2026-03-19 22:27:55.000,BUY,Up,0.25,6.68,0,"Solana Up or Down - March 19, 6:25PM-6:30PM ET"
2026-03-19 22:27:53.000,BUY,Up,0.44,21,0,"XRP Up or Down - March 19, 6:25PM-6:30PM ET"
2026-03-19 22:27:49.000,BUY,Up,0.45000016041675356,2.181817,0,"XRP Up or Down - March 19, 6:25PM-6:30PM ET"
2026-03-19 22:27:47.000,BUY,Up,0.26,16,0,"Solana Up or Down - March 19, 6:25PM-6:30PM ET"
2026-03-19 22:27:45.000,BUY,Up,0.46,4.89,0,"XRP Up or Down - March 19, 6:25PM-6:30PM ET"
2026-03-19 22:27:45.000,BUY,Down,0.72,21,0,"Solana Up or Down - March 19, 6:25PM-6:30PM ET"
2026-03-19 22:27:43.000,BUY,Up,0.4,8.25,0,"XRP Up or Down - March 19, 6:25PM-6:30PM ET"
2026-03-19 22:27:43.000,BUY,Up,0.59,27.93,0,"Ethereum Up or Down - March 19, 6:25PM-6:30PM ET"
2026-03-19 22:27:43.000,BUY,Up,0.59,11.07,0,"Ethereum Up or Down - March 19, 6:25PM-6:30PM ET"
2026-03-19 22:27:33.000,BUY,Up,0.28,15,0,"Solana Up or Down - March 19, 6:25PM-6:30PM ET"
2026-03-19 22:27:25.000,BUY,Up,0.28000000327243013,12.223332,0,"Solana Up or Down - March 19, 6:25PM-6:30PM ET"
2026-03-19 22:27:25.000,BUY,Down,0.7,21,0,"Solana Up or Down - March 19, 6:25PM-6:30PM ET"
2026-03-19 22:27:23.000,BUY,Up,0.59,5.9,0,"Ethereum Up or Down - March 19, 6:25PM-6:30PM ET"
2026-03-19 22:27:23.000,BUY,Up,0.59,0.99,0,"Ethereum Up or Down - March 19, 6:25PM-6:30PM ET"
2026-03-19 22:27:21.000,BUY,Up,0.4500000499870248,7.001817,0,"Bitcoin Up or Down - March 19, 6:25PM-6:30PM ET"
2026-03-19 22:27:17.000,BUY,Down,0.46,11.59,0,"Ethereum Up or Down - March 19, 6:25PM-6:30PM ET"
2026-03-19 22:27:17.000,BUY,Down,0.54,70,0,"Bitcoin Up or Down - March 19, 6:25PM-6:30PM ET"
2026-03-19 22:27:17.000,BUY,Down,0.54,5,0,"Bitcoin Up or Down - March 19, 6:25PM-6:30PM ET"
2026-03-19 22:27:17.000,BUY,Down,0.46,11.33,0,"Ethereum Up or Down - March 19, 6:25PM-6:30PM ET"
2026-03-19 22:27:15.000,BUY,Down,0.53,75,0,"Bitcoin Up or Down - March 19, 6:25PM-6:30PM ET"
2026-03-19 22:27:15.000,BUY,Down,0.46,4.34,0,"Ethereum Up or Down - March 19, 6:25PM-6:30PM ET"
2026-03-19 22:27:15.000,BUY,Down,0.54,75,0,"Bitcoin Up or Down - March 19, 6:25PM-6:30PM ET"
2026-03-19 22:27:15.000,BUY,Up,0.44,75,0,"Bitcoin Up or Down - March 19, 6:25PM-6:30PM ET"
2026-03-19 22:27:15.000,BUY,Down,0.47,6.92,0,"Ethereum Up or Down - March 19, 6:25PM-6:30PM ET"
2026-03-19 22:27:13.000,BUY,Down,0.460000030297033,11.222221,0,"Ethereum Up or Down - March 19, 6:25PM-6:30PM ET"
2026-03-19 22:27:13.000,BUY,Down,0.46000074781510075,0.508147,0,"Ethereum Up or Down - March 19, 6:25PM-6:30PM ET"
2026-03-19 22:27:13.000,BUY,Up,0.2700000216831784,2.767122,0,"Solana Up or Down - March 19, 6:25PM-6:30PM ET"
2026-03-19 22:27:13.000,BUY,Up,0.2700000256850777,6.618629,0,"Solana Up or Down - March 19, 6:25PM-6:30PM ET"
2026-03-19 22:27:09.000,BUY,Down,0.44,2,0,"XRP Up or Down - March 19, 6:25PM-6:30PM ET"
2026-03-19 22:27:09.000,BUY,Up,0.36,4.640625,0,"Solana Up or Down - March 19, 6:25PM-6:30PM ET"
2026-03-19 22:27:07.000,BUY,Down,0.55,21,0,"Solana Up or Down - March 19, 6:25PM-6:30PM ET"
2026-03-19 22:27:05.000,BUY,Down,0.39,3.36,0,"Bitcoin Up or Down - March 19, 6:25PM-6:30PM ET"
2026-03-19 22:27:05.000,BUY,Down,0.39,9.27,0,"Bitcoin Up or Down - March 19, 6:25PM-6:30PM ET"
2026-03-19 22:27:05.000,BUY,Down,0.39,10,0,"Bitcoin Up or Down - March 19, 6:25PM-6:30PM ET"
2026-03-19 22:27:05.000,BUY,Down,0.39,0.51,0,"Bitcoin Up or Down - March 19, 6:25PM-6:30PM ET"
2026-03-19 22:27:05.000,BUY,Down,0.39,2.66,0,"Bitcoin Up or Down - March 19, 6:25PM-6:30PM ET"
2026-03-19 22:27:05.000,BUY,Down,0.39000014030010804,1.639343,0,"Bitcoin Up or Down - March 19, 6:25PM-6:30PM ET"
2026-03-19 22:27:05.000,BUY,Down,0.39,37.14,0,"Bitcoin Up or Down - March 19, 6:25PM-6:30PM ET"
2026-03-19 22:27:05.000,BUY,Down,0.39,10.42,0,"Bitcoin Up or Down - March 19, 6:25PM-6:30PM ET"
2026-03-19 22:26:59.000,BUY,Down,0.32,21,0,"XRP Up or Down - March 19, 6:25PM-6:30PM ET"
2026-03-19 22:26:59.000,BUY,Down,0.33,21,0,"XRP Up or Down - March 19, 6:25PM-6:30PM ET"
2026-03-19 22:26:59.000,BUY,Down,0.31,5.64,0,"XRP Up or Down - March 19, 6:25PM-6:30PM ET"
2026-03-19 22:26:57.000,BUY,Down,0.26,5,0,"Ethereum Up or Down - March 19, 6:25PM-6:30PM ET"
2026-03-19 22:26:57.000,BUY,Down,0.53,21,0,"Solana Up or Down - March 19, 6:25PM-6:30PM ET"
2026-03-19 22:26:57.000,BUY,Down,0.26,8.11,0,"Ethereum Up or Down - March 19, 6:25PM-6:30PM ET"
2026-03-19 22:26:55.000,BUY,Down,0.260000012887178,10.863511,0,"Ethereum Up or Down - March 19, 6:25PM-6:30PM ET"
2026-03-19 22:26:43.000,BUY,Down,0.40000002400000384,8.333332,0,"Bitcoin Up or Down - March 19, 6:25PM-6:30PM ET"
2026-03-19 22:26:43.000,BUY,Down,0.40000002400000384,8.333332,0,"Bitcoin Up or Down - March 19, 6:25PM-6:30PM ET"
2026-03-19 22:26:43.000,BUY,Down,0.4000000093312603,21.433332,0,"Bitcoin Up or Down - March 19, 6:25PM-6:30PM ET"
2026-03-19 22:26:43.000,BUY,Down,0.4,6.3,0,"Bitcoin Up or Down - March 19, 6:25PM-6:30PM ET"
2026-03-19 22:26:43.000,BUY,Down,0.4,1.666665,0,"Bitcoin Up or Down - March 19, 6:25PM-6:30PM ET"
2026-03-19 22:26:43.000,BUY,Down,0.4,1.666665,0,"Bitcoin Up or Down - March 19, 6:25PM-6:30PM ET"
2026-03-19 22:26:43.000,BUY,Down,0.4,1,0,"Bitcoin Up or Down - March 19, 6:25PM-6:30PM ET"
2026-03-19 22:26:43.000,BUY,Up,0.65,18.89,0,"Ethereum Up or Down - March 19, 6:25PM-6:30PM ET"
2026-03-19 22:26:43.000,BUY,Up,0.65,12,0,"Ethereum Up or Down - March 19, 6:25PM-6:30PM ET"
2026-03-19 22:26:41.000,BUY,Down,0.4,6.3,0,"Bitcoin Up or Down - March 19, 6:25PM-6:30PM ET"
2026-03-19 22:26:41.000,BUY,Up,0.65,8.11,0,"Ethereum Up or Down - March 19, 6:25PM-6:30PM ET"
2026-03-19 22:26:41.000,BUY,Down,0.4,0.76,0,"Bitcoin Up or Down - March 19, 6:25PM-6:30PM ET"
2026-03-19 22:26:37.000,BUY,Up,0.39,15.99,0,"Solana Up or Down - March 19, 6:25PM-6:30PM ET"
2026-03-19 22:26:37.000,BUY,Down,0.3500000439189397,5.692305,0,"XRP Up or Down - March 19, 6:25PM-6:30PM ET"
2026-03-19 22:26:33.000,BUY,Up,0.64,3.51,0,"Ethereum Up or Down - March 19, 6:25PM-6:30PM ET"
2026-03-19 22:26:33.000,BUY,Up,0.64,3.01,0,"Ethereum Up or Down - March 19, 6:25PM-6:30PM ET"
2026-03-19 22:26:31.000,BUY,Up,0.64,5,0,"XRP Up or Down - March 19, 6:25PM-6:30PM ET"
2026-03-19 22:26:31.000,BUY,Up,0.64,16,0,"XRP Up or Down - March 19, 6:25PM-6:30PM ET"
2026-03-19 22:26:31.000,BUY,Up,0.63,5,0,"XRP Up or Down - March 19, 6:25PM-6:30PM ET"
2026-03-19 22:26:29.000,BUY,Up,0.37,6.8,0,"Solana Up or Down - March 19, 6:25PM-6:30PM ET"
2026-03-19 22:26:27.000,BUY,Up,0.59,13,0,"Bitcoin Up or Down - March 19, 6:25PM-6:30PM ET"
2026-03-19 22:26:27.000,BUY,Up,0.59,19.36,0,"Bitcoin Up or Down - March 19, 6:25PM-6:30PM ET"
2026-03-19 22:26:27.000,BUY,Up,0.37000000576389436,15.614443,0,"Solana Up or Down - March 19, 6:25PM-6:30PM ET"
2026-03-19 22:26:27.000,BUY,Up,0.59,35.17,0,"Bitcoin Up or Down - March 19, 6:25PM-6:30PM ET"
2026-03-19 22:26:27.000,BUY,Up,0.590000044215696,7.463413,0,"Bitcoin Up or Down - March 19, 6:25PM-6:30PM ET"
2026-03-19 22:26:15.000,BUY,Up,0.65,21,0,"XRP Up or Down - March 19, 6:25PM-6:30PM ET"
2026-03-19 22:26:13.000,BUY,Down,0.3700000546694619,3.841267,0,"Solana Up or Down - March 19, 6:25PM-6:30PM ET"
2026-03-19 22:26:13.000,BUY,Down,0.29,7,0,"XRP Up or Down - March 19, 6:25PM-6:30PM ET"
2026-03-19 22:26:13.000,BUY,Down,0.28000004734248857,5.069442,0,"XRP Up or Down - March 19, 6:25PM-6:30PM ET"
2026-03-19 22:26:13.000,BUY,Down,0.28,4.03,0,"XRP Up or Down - March 19, 6:25PM-6:30PM ET"
2026-03-19 22:26:07.000,BUY,Down,0.37000004173914497,7.666664,0,"Ethereum Up or Down - March 19, 6:25PM-6:30PM ET"
2026-03-19 22:26:01.000,BUY,Up,0.53,21,0,"Solana Up or Down - March 19, 6:25PM-6:30PM ET"
2026-03-19 22:25:59.000,BUY,Up,0.6100000379562099,10.53846,0,"XRP Up or Down - March 19, 6:25PM-6:30PM ET"
2026-03-19 22:25:53.000,BUY,Down,0.4,7,0,"Ethereum Up or Down - March 19, 6:25PM-6:30PM ET"
2026-03-19 22:25:53.000,BUY,Down,0.46,5,0,"Solana Up or Down - March 19, 6:25PM-6:30PM ET"
2026-03-19 22:25:51.000,BUY,Up,0.52,6.1875,0,"Solana Up or Down - March 19, 6:25PM-6:30PM ET"
2026-03-19 22:25:51.000,BUY,Down,0.4600000223357682,15.222221,0,"Solana Up or Down - March 19, 6:25PM-6:30PM ET"
2026-03-19 22:25:51.000,BUY,Up,0.5100000443085302,3.836733,0,"Ethereum Up or Down - March 19, 6:25PM-6:30PM ET"
2026-03-19 22:25:51.000,BUY,Down,0.46,0.3,0,"Solana Up or Down - March 19, 6:25PM-6:30PM ET"
2026-03-19 22:25:47.000,BUY,Up,0.6400000363789513,13.194443,0,"XRP Up or Down - March 19, 6:25PM-6:30PM ET"
2026-03-19 22:25:45.000,BUY,Up,0.55,21,0,"Solana Up or Down - March 19, 6:25PM-6:30PM ET"
2026-03-19 22:25:29.000,BUY,Down,0.38,9,0,"Ethereum Up or Down - March 19, 6:25PM-6:30PM ET"
2026-03-19 22:25:27.000,BUY,Down,0.45,21,0,"Solana Up or Down - March 19, 6:25PM-6:30PM ET"
2026-03-19 22:25:27.000,BUY,Up,0.61,75,0,"Bitcoin Up or Down - March 19, 6:25PM-6:30PM ET"
2026-03-19 22:25:25.000,BUY,Down,0.38,10.1,0,"Bitcoin Up or Down - March 19, 6:25PM-6:30PM ET"
2026-03-19 22:25:25.000,BUY,Down,0.38000007026670557,4.838707,0,"Bitcoin Up or Down - March 19, 6:25PM-6:30PM ET"
2026-03-19 22:25:25.000,BUY,Down,0.3800000012277229,16.290321,0,"Bitcoin Up or Down - March 19, 6:25PM-6:30PM ET"
2026-03-19 22:25:25.000,BUY,Down,0.45,1.81818,0,"Solana Up or Down - March 19, 6:25PM-6:30PM ET"
2026-03-19 22:25:23.000,BUY,Up,0.5400003840722292,1.353912,0,"Solana Up or Down - March 19, 6:25PM-6:30PM ET"
2026-03-19 22:25:21.000,BUY,Up,0.58,2.39,0,"Bitcoin Up or Down - March 19, 6:25PM-6:30PM ET"
2026-03-19 22:25:21.000,BUY,Up,0.55,1,0,"XRP Up or Down - March 19, 6:25PM-6:30PM ET"
2026-03-19 22:25:19.000,BUY,Up,0.5800000811594438,4.92857,0,"Bitcoin Up or Down - March 19, 6:25PM-6:30PM ET"
2026-03-19 22:25:19.000,BUY,Up,0.58,16,0,"Bitcoin Up or Down - March 19, 6:25PM-6:30PM ET"
2026-03-19 22:25:19.000,BUY,Up,0.54,21,0,"Solana Up or Down - March 19, 6:25PM-6:30PM ET"
2026-03-19 22:25:17.000,BUY,Up,0.5500000787500255,4.444443,0,"Ethereum Up or Down - March 19, 6:25PM-6:30PM ET"
2026-03-19 22:25:15.000,BUY,Up,0.52,17,0,"XRP Up or Down - March 19, 6:25PM-6:30PM ET"
2026-03-19 22:25:13.000,BUY,Up,0.56,6,0,"Ethereum Up or Down - March 19, 6:25PM-6:30PM ET"
2026-03-19 22:25:13.000,BUY,Up,0.56,33,0,"Ethereum Up or Down - March 19, 6:25PM-6:30PM ET"
2026-03-19 22:25:11.000,BUY,Up,0.55,8.86,0,"Ethereum Up or Down - March 19, 6:25PM-6:30PM ET"
2026-03-19 22:25:11.000,BUY,Up,0.58,59.38,0,"Bitcoin Up or Down - March 19, 6:25PM-6:30PM ET"
2026-03-19 22:25:11.000,BUY,Down,0.41,3.9,0,"Bitcoin Up or Down - March 19, 6:25PM-6:30PM ET"
2026-03-19 22:25:11.000,BUY,Down,0.41,5,0,"Bitcoin Up or Down - March 19, 6:25PM-6:30PM ET"
2026-03-19 22:25:11.000,BUY,Down,0.41000015340011353,1.694914,0,"Bitcoin Up or Down - March 19, 6:25PM-6:30PM ET"
2026-03-19 22:25:11.000,BUY,Down,0.41000001573333467,15.254236,0,"Bitcoin Up or Down - March 19, 6:25PM-6:30PM ET"
2026-03-19 22:25:11.000,BUY,Down,0.41000015340011353,1.694914,0,"Bitcoin Up or Down - March 19, 6:25PM-6:30PM ET"
2026-03-19 22:25:11.000,BUY,Down,0.41,3.38,0,"Bitcoin Up or Down - March 19, 6:25PM-6:30PM ET"
2026-03-19 22:25:11.000,BUY,Up,0.58,75,0,"Bitcoin Up or Down - March 19, 6:25PM-6:30PM ET"
2026-03-19 22:25:11.000,BUY,Down,0.41,8,0,"Bitcoin Up or Down - March 19, 6:25PM-6:30PM ET"
2026-03-19 22:25:11.000,BUY,Down,0.41,7.08,0,"Bitcoin Up or Down - March 19, 6:25PM-6:30PM ET"
2026-03-19 22:25:11.000,BUY,Down,0.41,8,0,"Bitcoin Up or Down - March 19, 6:25PM-6:30PM ET"
2026-03-19 22:25:11.000,BUY,Down,0.41000001311111345,8.389829,0,"Bitcoin Up or Down - March 19, 6:25PM-6:30PM ET"
2026-03-19 22:25:11.000,BUY,Down,0.41,7.49,0,"Bitcoin Up or Down - March 19, 6:25PM-6:30PM ET"
2026-03-19 22:25:11.000,BUY,Down,0.41000015340011353,1.694914,0,"Bitcoin Up or Down - March 19, 6:25PM-6:30PM ET"
2026-03-19 22:25:11.000,BUY,Up,0.55,12,0,"Ethereum Up or Down - March 19, 6:25PM-6:30PM ET"
2026-03-19 22:25:11.000,BUY,Down,0.41000015340011353,1.694914,0,"Bitcoin Up or Down - March 19, 6:25PM-6:30PM ET"
2026-03-19 22:25:11.000,BUY,Down,0.41000015340011353,1.694914,0,"Bitcoin Up or Down - March 19, 6:25PM-6:30PM ET"
2026-03-19 22:25:09.000,BUY,Down,0.5100001458495276,1.851223,0,"Solana Up or Down - March 19, 6:25PM-6:30PM ET"
2026-03-19 22:25:09.000,BUY,Up,0.59,28,0,"Ethereum Up or Down - March 19, 6:25PM-6:30PM ET"
2026-03-19 22:25:09.000,BUY,Down,0.5100000616000099,7.142856,0,"XRP Up or Down - March 19, 6:25PM-6:30PM ET"
2026-03-19 22:25:09.000,BUY,Down,0.5,21,0,"XRP Up or Down - March 19, 6:25PM-6:30PM ET"
2026-03-19 22:25:09.000,BUY,Down,0.4,2.23,0,"Ethereum Up or Down - March 19, 6:25PM-6:30PM ET"
2026-03-19 22:25:09.000,BUY,Down,0.4,35.1,0,"Ethereum Up or Down - March 19, 6:25PM-6:30PM ET"
2026-03-19 22:25:09.000,BUY,Down,0.4,1.666665,0,"Ethereum Up or Down - March 19, 6:25PM-6:30PM ET"
2026-03-19 22:25:09.000,BUY,Down,0.51,13.85,0,"XRP Up or Down - March 19, 6:25PM-6:30PM ET"
2026-03-19 22:25:09.000,BUY,Up,0.59,11,0,"Ethereum Up or Down - March 19, 6:25PM-6:30PM ET"
2026-03-19 22:25:09.000,BUY,Down,0.4,20,0,"Ethereum Up or Down - March 19, 6:25PM-6:30PM ET"
2026-03-19 22:25:09.000,BUY,Down,0.4,19,0,"Ethereum Up or Down - March 19, 6:25PM-6:30PM ET"
2026-03-19 22:25:09.000,BUY,Down,0.51,3.85,0,"Solana Up or Down - March 19, 6:25PM-6:30PM ET"
2026-03-19 22:25:09.000,BUY,Down,0.54,21,0,"XRP Up or Down - March 19, 6:25PM-6:30PM ET"
2026-03-19 22:25:09.000,BUY,Down,0.5100000242056095,15.285713,0,"Solana Up or Down - March 19, 6:25PM-6:30PM ET"
2026-03-19 22:25:07.000,,,0,329.311613,0,"XRP Up or Down - March 19, 6:15PM-6:20PM ET"
2026-03-19 22:25:07.000,,,0,382.603293,0,"Solana Up or Down - March 19, 6:15PM-6:20PM ET"
2026-03-19 22:25:07.000,,,0,393.501284,0,"Ethereum Up or Down - March 19, 6:15PM-6:20PM ET"
2026-03-19 22:24:41.000,BUY,Up,0.98,19.25,0,"XRP Up or Down - March 19, 6:20PM-6:25PM ET"
2026-03-19 22:24:35.000,BUY,Up,0.96,20,0,"XRP Up or Down - March 19, 6:20PM-6:25PM ET"
2026-03-19 22:23:59.000,BUY,Down,0.2,21,0,"XRP Up or Down - March 19, 6:20PM-6:25PM ET"
2026-03-19 22:23:53.000,BUY,Up,0.7700000839500113,8.695651,0,"XRP Up or Down - March 19, 6:20PM-6:25PM ET"
2026-03-19 22:23:47.000,BUY,Up,0.03,5.1443,0,"Ethereum Up or Down - March 19, 6:20PM-6:25PM ET"
2026-03-19 22:23:47.000,BUY,Up,0.03,5.15,0,"Ethereum Up or Down - March 19, 6:20PM-6:25PM ET"
2026-03-19 22:23:47.000,BUY,Up,0.03,5.1443,0,"Ethereum Up or Down - March 19, 6:20PM-6:25PM ET"
2026-03-19 22:23:47.000,BUY,Up,0.03,15,0,"Ethereum Up or Down - March 19, 6:20PM-6:25PM ET"
2026-03-19 22:23:47.000,BUY,Up,0.03,1.0309,0,"Ethereum Up or Down - March 19, 6:20PM-6:25PM ET"
2026-03-19 22:23:47.000,BUY,Up,0.030000007473657227,1.338033,0,"Ethereum Up or Down - March 19, 6:20PM-6:25PM ET"
2026-03-19 22:23:43.000,BUY,Down,0.92,21,0,"Solana Up or Down - March 19, 6:20PM-6:25PM ET"
2026-03-19 22:23:43.000,BUY,Up,0.7400000808888997,8.653845,0,"XRP Up or Down - March 19, 6:20PM-6:25PM ET"
2026-03-19 22:23:43.000,BUY,Down,0.91,0.77,0,"Solana Up or Down - March 19, 6:20PM-6:25PM ET"
2026-03-19 22:23:33.000,BUY,Down,0.9100002762070013,3.222221,0,"Solana Up or Down - March 19, 6:20PM-6:25PM ET"
2026-03-19 22:23:33.000,BUY,Down,0.91,17,0,"Solana Up or Down - March 19, 6:20PM-6:25PM ET"
2026-03-19 22:23:33.000,BUY,Up,0.04,39,0,"Ethereum Up or Down - March 19, 6:20PM-6:25PM ET"
2026-03-19 22:23:29.000,BUY,Up,0.76,6.5,0,"XRP Up or Down - March 19, 6:20PM-6:25PM ET"
2026-03-19 22:23:29.000,BUY,Up,0.7600001440000576,4.166665,0,"XRP Up or Down - March 19, 6:20PM-6:25PM ET"
2026-03-19 22:23:27.000,BUY,Up,0.09,3,0,"Solana Up or Down - March 19, 6:20PM-6:25PM ET"
2026-03-19 22:23:25.000,BUY,Up,0.08,75,0,"Bitcoin Up or Down - March 19, 6:20PM-6:25PM ET"
2026-03-19 22:23:25.000,BUY,Up,0.07,75,0,"Bitcoin Up or Down - March 19, 6:20PM-6:25PM ET"
2026-03-19 22:23:25.000,BUY,Down,0.88,6.49,0,"Solana Up or Down - March 19, 6:20PM-6:25PM ET"
2026-03-19 22:23:23.000,BUY,Down,0.9,75,0,"Bitcoin Up or Down - March 19, 6:20PM-6:25PM ET"
2026-03-19 22:23:23.000,BUY,Up,0.74,5.54,0,"XRP Up or Down - March 19, 6:20PM-6:25PM ET"
2026-03-19 22:23:23.000,BUY,Up,0.74,10,0,"XRP Up or Down - March 19, 6:20PM-6:25PM ET"
2026-03-19 22:23:21.000,BUY,Up,0.08,75,0,"Bitcoin Up or Down - March 19, 6:20PM-6:25PM ET"
2026-03-19 22:23:19.000,BUY,Up,0.09,35.68,0,"Bitcoin Up or Down - March 19, 6:20PM-6:25PM ET"
2026-03-19 22:23:19.000,BUY,Up,0.09000000075833346,13.186811,0,"Bitcoin Up or Down - March 19, 6:20PM-6:25PM ET"
2026-03-19 22:23:19.000,BUY,Up,0.09,1.0989,0,"Bitcoin Up or Down - March 19, 6:20PM-6:25PM ET"
2026-03-19 22:23:19.000,BUY,Up,0.09,5.49,0,"Bitcoin Up or Down - March 19, 6:20PM-6:25PM ET"
2026-03-19 22:23:19.000,BUY,Up,0.09,19.54,0,"Bitcoin Up or Down - March 19, 6:20PM-6:25PM ET"
2026-03-19 22:23:17.000,BUY,Up,0.09,2.38,0,"Bitcoin Up or Down - March 19, 6:20PM-6:25PM ET"
2026-03-19 22:23:17.000,BUY,Up,0.09,6.63,0,"Bitcoin Up or Down - March 19, 6:20PM-6:25PM ET"
2026-03-19 22:23:17.000,BUY,Up,0.09,65.99,0,"Bitcoin Up or Down - March 19, 6:20PM-6:25PM ET"
2026-03-19 22:23:17.000,BUY,Up,0.1100000053400005,11.235954,0,"Solana Up or Down - March 19, 6:20PM-6:25PM ET"
2026-03-19 22:23:11.000,,,0,676.012443,0,"Bitcoin Up or Down - March 19, 6:20PM-6:25PM ET"
2026-03-19 22:23:09.000,BUY,Up,0.2,0.35,0,"Solana Up or Down - March 19, 6:20PM-6:25PM ET"
2026-03-19 22:23:05.000,BUY,Up,0.21000000308996208,9.708857,0,"Solana Up or Down - March 19, 6:20PM-6:25PM ET"
2026-03-19 22:23:03.000,BUY,Down,0.82,75,0,"Bitcoin Up or Down - March 19, 6:20PM-6:25PM ET"
2026-03-19 22:23:03.000,BUY,Up,0.22000003064833487,6.52564,0,"Solana Up or Down - March 19, 6:20PM-6:25PM ET"
2026-03-19 22:23:01.000,BUY,Up,0.160000026352961,3.035712,0,"Bitcoin Up or Down - March 19, 6:20PM-6:25PM ET"
2026-03-19 22:23:01.000,BUY,Down,0.82,75,0,"Bitcoin Up or Down - March 19, 6:20PM-6:25PM ET"
2026-03-19 22:23:01.000,BUY,Up,0.16,25.82,0,"Bitcoin Up or Down - March 19, 6:20PM-6:25PM ET"
2026-03-19 22:23:01.000,BUY,Up,0.16,5.9,0,"Bitcoin Up or Down - March 19, 6:20PM-6:25PM ET"
2026-03-19 22:23:01.000,BUY,Up,0.160000004817206,16.607137,0,"Bitcoin Up or Down - March 19, 6:20PM-6:25PM ET"
2026-03-19 22:22:59.000,BUY,Up,0.1600000840002016,1.428568,0,"Bitcoin Up or Down - March 19, 6:20PM-6:25PM ET"
2026-03-19 22:22:59.000,BUY,Up,0.16,22,0,"Bitcoin Up or Down - March 19, 6:20PM-6:25PM ET"
2026-03-19 22:22:51.000,BUY,Down,0.82,75,0,"Bitcoin Up or Down - March 19, 6:20PM-6:25PM ET"
2026-03-19 22:22:49.000,BUY,Up,0.17,19.28,0,"Bitcoin Up or Down - March 19, 6:20PM-6:25PM ET"
2026-03-19 22:22:47.000,BUY,Up,0.24,4.6,0,"Solana Up or Down - March 19, 6:20PM-6:25PM ET"
2026-03-19 22:22:47.000,BUY,Up,0.17000000221333347,18.072288,0,"Bitcoin Up or Down - March 19, 6:20PM-6:25PM ET"
2026-03-19 22:22:47.000,BUY,Up,0.1700000033200013,12.048188,0,"Bitcoin Up or Down - March 19, 6:20PM-6:25PM ET"
2026-03-19 22:22:47.000,BUY,Up,0.17,25.59,0,"Bitcoin Up or Down - March 19, 6:20PM-6:25PM ET"
2026-03-19 22:22:45.000,BUY,Down,0.89,39,0,"Ethereum Up or Down - March 19, 6:20PM-6:25PM ET"
2026-03-19 22:22:45.000,BUY,Up,0.24,5,0,"Solana Up or Down - March 19, 6:20PM-6:25PM ET"
2026-03-19 22:22:45.000,BUY,Up,0.24,5,0,"Solana Up or Down - March 19, 6:20PM-6:25PM ET"
2026-03-19 22:22:45.000,BUY,Up,0.24,5,0,"Solana Up or Down - March 19, 6:20PM-6:25PM ET"
2026-03-19 22:22:45.000,BUY,Up,0.24,1.4,0,"Solana Up or Down - March 19, 6:20PM-6:25PM ET"
2026-03-19 22:22:45.000,BUY,Down,0.81,75,0,"Bitcoin Up or Down - March 19, 6:20PM-6:25PM ET"
2026-03-19 22:22:41.000,BUY,Down,0.81,75,0,"Bitcoin Up or Down - March 19, 6:20PM-6:25PM ET"
2026-03-19 22:22:39.000,BUY,Down,0.13,21,0,"XRP Up or Down - March 19, 6:20PM-6:25PM ET"
2026-03-19 22:22:39.000,BUY,Down,0.12,21,0,"XRP Up or Down - March 19, 6:20PM-6:25PM ET"
2026-03-19 22:22:37.000,BUY,Up,0.1,4.24444,0,"Ethereum Up or Down - March 19, 6:20PM-6:25PM ET"
2026-03-19 22:22:37.000,BUY,Up,0.09,5,0,"Ethereum Up or Down - March 19, 6:20PM-6:25PM ET"
2026-03-19 22:22:37.000,BUY,Up,0.25,6.55,0,"Solana Up or Down - March 19, 6:20PM-6:25PM ET"
2026-03-19 22:22:33.000,BUY,Down,0.14,11.6279,0,"XRP Up or Down - March 19, 6:20PM-6:25PM ET"
2026-03-19 22:22:33.000,BUY,Down,0.14,6,0,"XRP Up or Down - March 19, 6:20PM-6:25PM ET"
2026-03-19 22:22:29.000,BUY,Up,0.14,6.27,0,"Bitcoin Up or Down - March 19, 6:20PM-6:25PM ET"
2026-03-19 22:22:29.000,BUY,Up,0.14000000188080944,42.534878,0,"Bitcoin Up or Down - March 19, 6:20PM-6:25PM ET"
2026-03-19 22:22:29.000,BUY,Up,0.1400000860004214,1.162785,0,"Bitcoin Up or Down - March 19, 6:20PM-6:25PM ET"
2026-03-19 22:22:25.000,BUY,Up,0.25,6.813332,0,"Solana Up or Down - March 19, 6:20PM-6:25PM ET"
2026-03-19 22:22:25.000,BUY,Up,0.25,1.333332,0,"Solana Up or Down - March 19, 6:20PM-6:25PM ET"
2026-03-19 22:22:23.000,BUY,Up,0.25,9.606664,0,"Solana Up or Down - March 19, 6:20PM-6:25PM ET"
2026-03-19 22:22:21.000,BUY,Down,0.19,12,0,"XRP Up or Down - March 19, 6:20PM-6:25PM ET"
2026-03-19 22:22:17.000,BUY,Up,0.16,75,0,"Bitcoin Up or Down - March 19, 6:20PM-6:25PM ET"
2026-03-19 22:22:15.000,BUY,Down,0.8200000129600004,55.555554,0,"Bitcoin Up or Down - March 19, 6:20PM-6:25PM ET"
2026-03-19 22:22:15.000,BUY,Down,0.82,12.72,0,"Bitcoin Up or Down - March 19, 6:20PM-6:25PM ET"
2026-03-19 22:22:15.000,BUY,Down,0.82,1.16,0,"Bitcoin Up or Down - March 19, 6:20PM-6:25PM ET"
2026-03-19 22:22:15.000,BUY,Down,0.8200001296000363,5.555554,0,"Bitcoin Up or Down - March 19, 6:20PM-6:25PM ET"
2026-03-19 22:22:13.000,BUY,Up,0.16,44.91095,0,"Bitcoin Up or Down - March 19, 6:20PM-6:25PM ET"
2026-03-19 22:22:11.000,BUY,Down,0.19,8.75,0,"XRP Up or Down - March 19, 6:20PM-6:25PM ET"
2026-03-19 22:22:29.000,BUY,Up,0.1400000860004214,1.162785,0,"Bitcoin Up or Down - March 19, 6:20PM-6:25PM ET"
2026-03-19 22:22:25.000,BUY,Up,0.25,6.813332,0,"Solana Up or Down - March 19, 6:20PM-6:25PM ET"
2026-03-19 22:22:25.000,BUY,Up,0.25,1.333332,0,"Solana Up or Down - March 19, 6:20PM-6:25PM ET"
2026-03-19 22:22:23.000,BUY,Up,0.25,9.606664,0,"Solana Up or Down - March 19, 6:20PM-6:25PM ET"
2026-03-19 22:22:21.000,BUY,Down,0.19,12,0,"XRP Up or Down - March 19, 6:20PM-6:25PM ET"
2026-03-19 22:22:17.000,BUY,Up,0.16,75,0,"Bitcoin Up or Down - March 19, 6:20PM-6:25PM ET"
2026-03-19 22:22:15.000,BUY,Down,0.8200000129600004,55.555554,0,"Bitcoin Up or Down - March 19, 6:20PM-6:25PM ET"
2026-03-19 22:22:15.000,BUY,Down,0.82,12.72,0,"Bitcoin Up or Down - March 19, 6:20PM-6:25PM ET"
2026-03-19 22:22:15.000,BUY,Down,0.82,1.16,0,"Bitcoin Up or Down - March 19, 6:20PM-6:25PM ET"
2026-03-19 22:22:15.000,BUY,Down,0.8200001296000363,5.555554,0,"Bitcoin Up or Down - March 19, 6:20PM-6:25PM ET"
2026-03-19 22:22:13.000,BUY,Up,0.16,44.91095,0,"Bitcoin Up or Down - March 19, 6:20PM-6:25PM ET"
2026-03-19 22:22:11.000,BUY,Down,0.19,8.75,0,"XRP Up or Down - March 19, 6:20PM-6:25PM ET"
2026-03-19 22:22:09.000,BUY,Up,0.19,73.76,0,"Bitcoin Up or Down - March 19, 6:20PM-6:25PM ET"
2026-03-19 22:22:09.000,BUY,Up,0.3,17.58,0,"Solana Up or Down - March 19, 6:20PM-6:25PM ET"
2026-03-19 22:22:09.000,BUY,Up,0.3000000292887262,3.414283,0,"Solana Up or Down - March 19, 6:20PM-6:25PM ET"
2026-03-19 22:22:09.000,BUY,Up,0.19000002430009647,1.234563,0,"Bitcoin Up or Down - March 19, 6:20PM-6:25PM ET"
2026-03-19 22:22:09.000,BUY,Up,0.79,17,0,"XRP Up or Down - March 19, 6:20PM-6:25PM ET"
2026-03-19 22:22:07.000,BUY,Up,0.7900002135001388,2.857141,0,"XRP Up or Down - March 19, 6:20PM-6:25PM ET"
2026-03-19 22:22:07.000,BUY,Up,0.11000000843031914,8.303363,0,"Ethereum Up or Down - March 19, 6:20PM-6:25PM ET"
2026-03-19 22:22:05.000,BUY,Up,0.7900000368838567,16.809522,0,"XRP Up or Down - March 19, 6:20PM-6:25PM ET"
2026-03-19 22:22:03.000,BUY,Up,0.79,5.72,0,"XRP Up or Down - March 19, 6:20PM-6:25PM ET"
2026-03-19 22:22:01.000,BUY,Up,0.21,16.71,0,"Bitcoin Up or Down - March 19, 6:20PM-6:25PM ET"
2026-03-19 22:22:01.000,BUY,Up,0.21,10,0,"Bitcoin Up or Down - March 19, 6:20PM-6:25PM ET"
2026-03-19 22:22:01.000,BUY,Up,0.21,10,0,"Bitcoin Up or Down - March 19, 6:20PM-6:25PM ET"
2026-03-19 22:22:01.000,BUY,Down,0.65,21,0,"Solana Up or Down - March 19, 6:20PM-6:25PM ET"
2026-03-19 22:22:01.000,BUY,Down,0.67,20.8,0,"Solana Up or Down - March 19, 6:20PM-6:25PM ET"
2026-03-19 22:22:01.000,BUY,Up,0.21,2.63,0,"Bitcoin Up or Down - March 19, 6:20PM-6:25PM ET"
2026-03-19 22:22:01.000,BUY,Up,0.21,20.66,0,"Bitcoin Up or Down - March 19, 6:20PM-6:25PM ET"
2026-03-19 22:22:01.000,BUY,Up,0.21,5,0,"Bitcoin Up or Down - March 19, 6:20PM-6:25PM ET"
2026-03-19 22:22:01.000,BUY,Up,0.21,10,0,"Bitcoin Up or Down - March 19, 6:20PM-6:25PM ET"
2026-03-19 22:21:55.000,BUY,Down,0.11,4.72,0,"XRP Up or Down - March 19, 6:20PM-6:25PM ET"
2026-03-19 22:21:47.000,BUY,Down,0.12000003520017459,1.136358,0,"XRP Up or Down - March 19, 6:20PM-6:25PM ET"
2026-03-19 22:21:41.000,BUY,Up,0.85000045000045,1.666665,0,"XRP Up or Down - March 19, 6:20PM-6:25PM ET"
2026-03-19 22:21:39.000,BUY,Down,0.13,5.52,0,"XRP Up or Down - March 19, 6:20PM-6:25PM ET"
2026-03-19 22:21:39.000,BUY,Down,0.13000001603687197,3.117815,0,"XRP Up or Down - March 19, 6:20PM-6:25PM ET"
2026-03-19 22:21:39.000,BUY,Down,0.13,0.74,0,"XRP Up or Down - March 19, 6:20PM-6:25PM ET"
2026-03-19 22:21:39.000,BUY,Down,0.13,7.37,0,"XRP Up or Down - March 19, 6:20PM-6:25PM ET"
2026-03-19 22:21:39.000,BUY,Down,0.13,7.37,0,"XRP Up or Down - March 19, 6:20PM-6:25PM ET"
2026-03-19 22:21:39.000,BUY,Down,0.5500002025001114,2.222221,0,"Solana Up or Down - March 19, 6:20PM-6:25PM ET"
2026-03-19 22:21:39.000,BUY,Down,0.55,16,0,"Solana Up or Down - March 19, 6:20PM-6:25PM ET"
2026-03-19 22:21:37.000,BUY,Down,0.77,39,0,"Ethereum Up or Down - March 19, 6:20PM-6:25PM ET"
2026-03-19 22:21:35.000,BUY,Down,0.66,9.16,0,"Solana Up or Down - March 19, 6:20PM-6:25PM ET"
2026-03-19 22:21:33.000,BUY,Down,0.66,1.69,0,"Solana Up or Down - March 19, 6:20PM-6:25PM ET"
2026-03-19 22:21:33.000,BUY,Up,0.22000002569414098,5.448713,0,"Ethereum Up or Down - March 19, 6:20PM-6:25PM ET"
2026-03-19 22:21:31.000,BUY,Down,0.2,21,0,"XRP Up or Down - March 19, 6:20PM-6:25PM ET"
2026-03-19 22:21:25.000,BUY,Down,0.21000002139584167,6.075947,0,"XRP Up or Down - March 19, 6:20PM-6:25PM ET"
2026-03-19 22:21:25.000,BUY,Down,0.66,5,0,"Solana Up or Down - March 19, 6:20PM-6:25PM ET"
2026-03-19 22:21:25.000,BUY,Down,0.6600000738285976,5.147057,0,"Solana Up or Down - March 19, 6:20PM-6:25PM ET"
2026-03-19 22:21:25.000,BUY,Up,0.24,4.541575,0,"Ethereum Up or Down - March 19, 6:20PM-6:25PM ET"
2026-03-19 22:21:25.000,BUY,Down,0.21,3.05,0,"XRP Up or Down - March 19, 6:20PM-6:25PM ET"
2026-03-19 22:21:23.000,BUY,Down,0.72,15.89,0,"Ethereum Up or Down - March 19, 6:20PM-6:25PM ET"
2026-03-19 22:21:11.000,,,0,808.527305,0,"Bitcoin Up or Down - March 19, 6:15PM-6:20PM ET"
2026-03-19 22:21:07.000,BUY,Up,0.8800000556906127,15.083332,0,"XRP Up or Down - March 19, 6:20PM-6:25PM ET"
2026-03-19 22:21:07.000,BUY,Down,0.61,75,0,"Bitcoin Up or Down - March 19, 6:20PM-6:25PM ET"
2026-03-19 22:21:01.000,BUY,Down,0.57,75,0,"Bitcoin Up or Down - March 19, 6:20PM-6:25PM ET"
2026-03-19 22:20:59.000,BUY,Up,0.48,9.51,0,"Ethereum Up or Down - March 19, 6:20PM-6:25PM ET"
2026-03-19 22:20:55.000,BUY,Up,0.42,75,0,"Bitcoin Up or Down - March 19, 6:20PM-6:25PM ET"
2026-03-19 22:20:53.000,BUY,Up,0.4400000153214791,13.05357,0,"Solana Up or Down - March 19, 6:20PM-6:25PM ET"
2026-03-19 22:20:53.000,BUY,Down,0.5500000450000045,11.11111,0,"Bitcoin Up or Down - March 19, 6:20PM-6:25PM ET"
2026-03-19 22:20:53.000,BUY,Down,0.5500002025001114,2.222221,0,"Bitcoin Up or Down - March 19, 6:20PM-6:25PM ET"
2026-03-19 22:20:53.000,BUY,Down,0.55,13.82,0,"Bitcoin Up or Down - March 19, 6:20PM-6:25PM ET"
2026-03-19 22:20:53.000,BUY,Down,0.5500002025001114,2.222221,0,"Bitcoin Up or Down - March 19, 6:20PM-6:25PM ET"
2026-03-19 22:20:51.000,BUY,Up,0.85,21,0,"XRP Up or Down - March 19, 6:20PM-6:25PM ET"
2026-03-19 22:20:51.000,BUY,Up,0.84,2.25,0,"XRP Up or Down - March 19, 6:20PM-6:25PM ET"
2026-03-19 22:20:51.000,BUY,Up,0.85,21,0,"XRP Up or Down - March 19, 6:20PM-6:25PM ET"
2026-03-19 22:20:51.000,BUY,Up,0.450000067692341,5.909088,0,"Solana Up or Down - March 19, 6:20PM-6:25PM ET"
2026-03-19 22:20:49.000,BUY,Down,0.13,7,0,"XRP Up or Down - March 19, 6:20PM-6:25PM ET"
2026-03-19 22:20:49.000,BUY,Down,0.13,14,0,"XRP Up or Down - March 19, 6:20PM-6:25PM ET"
2026-03-19 22:20:49.000,BUY,Up,0.44,4,0,"Solana Up or Down - March 19, 6:20PM-6:25PM ET"
2026-03-19 22:20:49.000,BUY,Down,0.12,2.06,0,"XRP Up or Down - March 19, 6:20PM-6:25PM ET"
2026-03-19 22:20:49.000,BUY,Up,0.45,4,0,"Solana Up or Down - March 19, 6:20PM-6:25PM ET"
2026-03-19 22:20:49.000,BUY,Up,0.45,5,0,"Solana Up or Down - March 19, 6:20PM-6:25PM ET"
2026-03-19 22:20:49.000,BUY,Up,0.45,5,0,"Solana Up or Down - March 19, 6:20PM-6:25PM ET"
2026-03-19 22:20:49.000,BUY,Up,0.45,5,0,"Solana Up or Down - March 19, 6:20PM-6:25PM ET"
2026-03-19 22:20:49.000,BUY,Up,0.44000011089117697,1.80357,0,"Bitcoin Up or Down - March 19, 6:20PM-6:25PM ET"
2026-03-19 22:20:49.000,BUY,Up,0.84,18.75,0,"XRP Up or Down - March 19, 6:20PM-6:25PM ET"
2026-03-19 22:20:49.000,BUY,Up,0.44,5,0,"Bitcoin Up or Down - March 19, 6:20PM-6:25PM ET"
2026-03-19 22:20:49.000,BUY,Up,0.44,5,0,"Bitcoin Up or Down - March 19, 6:20PM-6:25PM ET"
2026-03-19 22:20:49.000,BUY,Up,0.44,0.17,0,"Bitcoin Up or Down - March 19, 6:20PM-6:25PM ET"
2026-03-19 22:20:47.000,BUY,Up,0.45,2,0,"Solana Up or Down - March 19, 6:20PM-6:25PM ET"
2026-03-19 22:20:47.000,BUY,Up,0.34,13.11,0,"Bitcoin Up or Down - March 19, 6:20PM-6:25PM ET"
2026-03-19 22:20:39.000,BUY,Down,0.6400000107302538,41.005554,0,"Bitcoin Up or Down - March 19, 6:20PM-6:25PM ET"
2026-03-19 22:20:39.000,BUY,Down,0.6400000182022488,19.777776,0,"Solana Up or Down - March 19, 6:20PM-6:25PM ET"
2026-03-19 22:20:37.000,BUY,Down,0.64,27,0,"Bitcoin Up or Down - March 19, 6:20PM-6:25PM ET"
2026-03-19 22:20:37.000,BUY,Down,0.64,5.5,0,"Bitcoin Up or Down - March 19, 6:20PM-6:25PM ET"
2026-03-19 22:20:37.000,BUY,Down,0.64,2.03,0,"Bitcoin Up or Down - March 19, 6:20PM-6:25PM ET"
2026-03-19 22:20:37.000,BUY,Down,0.33000001143670127,10.492536,0,"XRP Up or Down - March 19, 6:20PM-6:25PM ET"
2026-03-19 22:20:35.000,BUY,Down,0.64,18.87,0,"Solana Up or Down - March 19, 6:20PM-6:25PM ET"
2026-03-19 22:20:35.000,BUY,Up,0.35,1.53846,0,"Bitcoin Up or Down - March 19, 6:20PM-6:25PM ET"
2026-03-19 22:20:35.000,BUY,Up,0.35,10,0,"Bitcoin Up or Down - March 19, 6:20PM-6:25PM ET"
2026-03-19 22:20:33.000,BUY,Down,0.64,2.13,0,"Solana Up or Down - March 19, 6:20PM-6:25PM ET"
2026-03-19 22:20:33.000,BUY,Up,0.33,7,0,"Solana Up or Down - March 19, 6:20PM-6:25PM ET"
2026-03-19 22:20:29.000,BUY,Down,0.44,75,0,"Bitcoin Up or Down - March 19, 6:20PM-6:25PM ET"
2026-03-19 22:20:27.000,BUY,Down,0.45,21,0,"Solana Up or Down - March 19, 6:20PM-6:25PM ET"
2026-03-19 22:20:27.000,BUY,Down,0.4500000275000124,3.636362,0,"Solana Up or Down - March 19, 6:20PM-6:25PM ET"
2026-03-19 22:20:25.000,BUY,Up,0.68,3.09,0,"XRP Up or Down - March 19, 6:20PM-6:25PM ET"
2026-03-19 22:20:25.000,BUY,Up,0.68,14.46875,0,"XRP Up or Down - March 19, 6:20PM-6:25PM ET"
2026-03-19 22:20:25.000,BUY,Up,0.51,21,0,"Solana Up or Down - March 19, 6:20PM-6:25PM ET"
2026-03-19 22:20:25.000,BUY,Up,0.68,3.4375,0,"XRP Up or Down - March 19, 6:20PM-6:25PM ET"
2026-03-19 22:20:25.000,BUY,Up,0.6900000980791204,5.709676,0,"XRP Up or Down - March 19, 6:20PM-6:25PM ET"
2026-03-19 22:20:25.000,BUY,Up,0.5400000325343852,11.065216,0,"Bitcoin Up or Down - March 19, 6:20PM-6:25PM ET"
2026-03-19 22:20:25.000,BUY,Up,0.54,10.63,0,"Bitcoin Up or Down - March 19, 6:20PM-6:25PM ET"
2026-03-19 22:20:25.000,BUY,Up,0.6900001860000575,3.548386,0,"XRP Up or Down - March 19, 6:20PM-6:25PM ET"
2026-03-19 22:20:23.000,BUY,Up,0.53,0.47,0,"Bitcoin Up or Down - March 19, 6:20PM-6:25PM ET"
2026-03-19 22:20:23.000,BUY,Up,0.53,74.53,0,"Bitcoin Up or Down - March 19, 6:20PM-6:25PM ET"
2026-03-19 22:20:19.000,BUY,Up,0.55,39,0,"Ethereum Up or Down - March 19, 6:20PM-6:25PM ET"
2026-03-19 22:20:19.000,BUY,Up,0.53,7,0,"Bitcoin Up or Down - March 19, 6:20PM-6:25PM ET"
2026-03-19 22:20:19.000,BUY,Up,0.5300000351657984,5.402977,0,"Bitcoin Up or Down - March 19, 6:20PM-6:25PM ET"
2026-03-19 22:20:15.000,BUY,Down,0.4400000410590685,8.767856,0,"Solana Up or Down - March 19, 6:20PM-6:25PM ET"
2026-03-19 22:20:15.000,BUY,Down,0.4400000552328864,6.517856,0,"Solana Up or Down - March 19, 6:20PM-6:25PM ET"
2026-03-19 22:20:15.000,BUY,Down,0.44,5.71,0,"Solana Up or Down - March 19, 6:20PM-6:25PM ET"
2026-03-19 22:20:15.000,BUY,Down,0.43000004500001127,5.333332,0,"Solana Up or Down - March 19, 6:20PM-6:25PM ET"
2026-03-19 22:20:13.000,BUY,Up,0.53,21,0,"Solana Up or Down - March 19, 6:20PM-6:25PM ET"
2026-03-19 22:20:13.000,BUY,Up,0.5200000291793384,6.854165,0,"Solana Up or Down - March 19, 6:20PM-6:25PM ET"
2026-03-19 22:20:13.000,BUY,Up,0.52,1.449375,0,"Solana Up or Down - March 19, 6:20PM-6:25PM ET"
2026-03-19 22:20:13.000,BUY,Up,0.53,17.61,0,"Solana Up or Down - March 19, 6:20PM-6:25PM ET"
2026-03-19 22:20:13.000,BUY,Up,0.52,7.125,0,"Solana Up or Down - March 19, 6:20PM-6:25PM ET"
2026-03-19 22:20:13.000,BUY,Up,0.5300000561635506,3.382977,0,"Solana Up or Down - March 19, 6:20PM-6:25PM ET"
2026-03-19 22:20:11.000,BUY,Up,0.55,37,0,"Bitcoin Up or Down - March 19, 6:20PM-6:25PM ET"
2026-03-19 22:20:11.000,BUY,Down,0.38,17,0,"Ethereum Up or Down - March 19, 6:20PM-6:25PM ET"
2026-03-19 22:20:11.000,BUY,Down,0.44,75,0,"Bitcoin Up or Down - March 19, 6:20PM-6:25PM ET"
2026-03-19 22:20:09.000,BUY,Down,0.53,6,0,"Solana Up or Down - March 19, 6:20PM-6:25PM ET"
2026-03-19 22:20:09.000,BUY,Down,0.51,8.62,0,"XRP Up or Down - March 19, 6:20PM-6:25PM ET"
2026-03-19 22:20:09.000,BUY,Down,0.38,22,0,"Ethereum Up or Down - March 19, 6:20PM-6:25PM ET"
2026-03-19 22:20:09.000,BUY,Up,0.52,2,0,"Solana Up or Down - March 19, 6:20PM-6:25PM ET"
2026-03-19 22:20:09.000,BUY,Up,0.52,19,0,"Solana Up or Down - March 19, 6:20PM-6:25PM ET"
2026-03-19 22:20:09.000,BUY,Down,0.52,20.62,0,"Solana Up or Down - March 19, 6:20PM-6:25PM ET"
2026-03-19 22:20:09.000,BUY,Down,0.51,12.38,0,"XRP Up or Down - March 19, 6:20PM-6:25PM ET"
2026-03-19 22:20:07.000,,,0,422.545486,0,"Bitcoin Up or Down - March 19, 6:10PM-6:15PM ET"
2026-03-19 22:20:07.000,,,0,177.655307,0,"XRP Up or Down - March 19, 6:10PM-6:15PM ET"
2026-03-19 22:20:07.000,,,0,249.834649,0,"Ethereum Up or Down - March 19, 6:10PM-6:15PM ET"
2026-03-19 22:20:07.000,,,0,219.599943,0,"Solana Up or Down - March 19, 6:10PM-6:15PM ET"
2026-03-19 22:20:07.000,BUY,Down,0.53,15,0,"Solana Up or Down - March 19, 6:20PM-6:25PM ET"
2026-03-19 22:20:07.000,BUY,Down,0.52,21,0,"XRP Up or Down - March 19, 6:20PM-6:25PM ET"
2026-03-19 22:20:05.000,BUY,Down,0.43,41.26,0,"Bitcoin Up or Down - March 19, 6:15PM-6:20PM ET"
2026-03-19 22:20:05.000,BUY,Down,0.07000001878791637,3.193542,0,"Solana Up or Down - March 19, 6:15PM-6:20PM ET"
2026-03-19 22:20:05.000,BUY,Up,0.69,21,0,"Solana Up or Down - March 19, 6:15PM-6:20PM ET"
2026-03-19 22:20:05.000,BUY,Up,0.7,21,0,"Solana Up or Down - March 19, 6:15PM-6:20PM ET"
2026-03-19 22:20:05.000,BUY,Up,0.72,21,0,"Solana Up or Down - March 19, 6:15PM-6:20PM ET"
2026-03-19 22:20:01.000,BUY,Down,0.5500000174437935,20.064443,0,"Bitcoin Up or Down - March 19, 6:15PM-6:20PM ET"
2026-03-19 22:19:59.000,BUY,Down,0.43,5,0,"Bitcoin Up or Down - March 19, 6:15PM-6:20PM ET"
2026-03-19 22:19:59.000,BUY,Down,0.5500000102739729,38.933332,0,"Bitcoin Up or Down - March 19, 6:15PM-6:20PM ET"
2026-03-19 22:19:57.000,BUY,Down,0.42,29.28,0,"Bitcoin Up or Down - March 19, 6:15PM-6:20PM ET"
2026-03-19 22:19:57.000,BUY,Down,0.43,17.09,0,"Bitcoin Up or Down - March 19, 6:15PM-6:20PM ET"
2026-03-19 22:19:57.000,BUY,Down,0.43,5,0,"Bitcoin Up or Down - March 19, 6:15PM-6:20PM ET"
2026-03-19 22:19:57.000,BUY,Down,0.4300000299212622,13.36842,0,"Bitcoin Up or Down - March 19, 6:15PM-6:20PM ET"
2026-03-19 22:19:55.000,BUY,Down,0.41,37,0,"Bitcoin Up or Down - March 19, 6:15PM-6:20PM ET"
2026-03-19 22:19:55.000,BUY,Down,0.43,1.54,0,"Bitcoin Up or Down - March 19, 6:15PM-6:20PM ET"
2026-03-19 22:19:55.000,BUY,Down,0.45,75,0,"Bitcoin Up or Down - March 19, 6:15PM-6:20PM ET"
2026-03-19 22:19:55.000,BUY,Up,0.56,75,0,"Bitcoin Up or Down - March 19, 6:15PM-6:20PM ET"
2026-03-19 22:19:55.000,BUY,Up,0.59,35.84,0,"Bitcoin Up or Down - March 19, 6:15PM-6:20PM ET"
2026-03-19 22:19:55.000,BUY,Up,0.59,3.09,0,"Bitcoin Up or Down - March 19, 6:15PM-6:20PM ET"
2026-03-19 22:19:53.000,BUY,Down,0.06,21,0,"Solana Up or Down - March 19, 6:15PM-6:20PM ET"
2026-03-19 22:19:53.000,BUY,Down,0.07000000250505269,15.967728,0,"Solana Up or Down - March 19, 6:15PM-6:20PM ET"
2026-03-19 22:19:53.000,BUY,Up,0.44,52.71,0,"Bitcoin Up or Down - March 19, 6:15PM-6:20PM ET"
2026-03-19 22:19:51.000,BUY,Up,0.8,21,0,"Solana Up or Down - March 19, 6:15PM-6:20PM ET"
2026-03-19 22:19:51.000,BUY,Up,0.8,20,0,"Solana Up or Down - March 19, 6:15PM-6:20PM ET"
2026-03-19 22:19:51.000,BUY,Up,0.8,1,0,"Solana Up or Down - March 19, 6:15PM-6:20PM ET"
2026-03-19 22:19:51.000,BUY,Up,0.79,21,0,"Solana Up or Down - March 19, 6:15PM-6:20PM ET"
2026-03-19 22:19:49.000,BUY,Down,0.26,6,0,"Solana Up or Down - March 19, 6:15PM-6:20PM ET"
2026-03-19 22:19:49.000,BUY,Down,0.2700000065963868,13.643833,0,"Solana Up or Down - March 19, 6:15PM-6:20PM ET"
2026-03-19 22:19:49.000,BUY,Down,0.27000003382240534,7.095888,0,"Solana Up or Down - March 19, 6:15PM-6:20PM ET"
2026-03-19 22:19:47.000,BUY,Down,0.61,14,0,"Solana Up or Down - March 19, 6:15PM-6:20PM ET"
2026-03-19 22:19:47.000,BUY,Down,0.6200000195663973,19.421051,0,"Solana Up or Down - March 19, 6:15PM-6:20PM ET"
2026-03-19 22:19:47.000,BUY,Down,0.61,7,0,"Solana Up or Down - March 19, 6:15PM-6:20PM ET"
2026-03-19 22:19:47.000,BUY,Up,0.36,21,0,"Solana Up or Down - March 19, 6:15PM-6:20PM ET"
2026-03-19 22:19:45.000,BUY,Up,0.09000003289174341,1.824166,0,"Bitcoin Up or Down - March 19, 6:15PM-6:20PM ET"
2026-03-19 22:19:45.000,BUY,Down,0.6700000414255355,14.242423,0,"Solana Up or Down - March 19, 6:15PM-6:20PM ET"
2026-03-19 22:19:45.000,BUY,Up,0.08,75,0,"Bitcoin Up or Down - March 19, 6:15PM-6:20PM ET"
2026-03-19 22:19:45.000,BUY,Down,0.07,0.4,0,"Ethereum Up or Down - March 19, 6:15PM-6:20PM ET"
2026-03-19 22:19:43.000,BUY,Down,0.05,5,0,"XRP Up or Down - March 19, 6:15PM-6:20PM ET"
2026-03-19 22:19:43.000,BUY,Up,0.09,1.35,0,"Bitcoin Up or Down - March 19, 6:15PM-6:20PM ET"
2026-03-19 22:19:43.000,BUY,Up,0.09,25,0,"Bitcoin Up or Down - March 19, 6:15PM-6:20PM ET"
2026-03-19 22:19:43.000,BUY,Down,0.68,9.28125,0,"Solana Up or Down - March 19, 6:15PM-6:20PM ET"
2026-03-19 22:19:43.000,BUY,Up,0.09000003192990746,1.252744,0,"Bitcoin Up or Down - March 19, 6:15PM-6:20PM ET"
2026-03-19 22:19:43.000,BUY,Up,0.09000000735566324,9.516477,0,"Bitcoin Up or Down - March 19, 6:15PM-6:20PM ET"
2026-03-19 22:19:43.000,BUY,Down,0.68,11.06,0,"Solana Up or Down - March 19, 6:15PM-6:20PM ET"
2026-03-19 22:19:43.000,BUY,Up,0.09000000060666687,32.967022,0,"Bitcoin Up or Down - March 19, 6:15PM-6:20PM ET"
2026-03-19 22:19:43.000,BUY,Down,0.05,3.75,0,"XRP Up or Down - March 19, 6:15PM-6:20PM ET"
2026-03-19 22:19:43.000,BUY,Up,0.09000000978494964,3.065933,0,"Bitcoin Up or Down - March 19, 6:15PM-6:20PM ET"
2026-03-19 22:19:43.000,BUY,Down,0.9100000128367672,70.11111,0,"Bitcoin Up or Down - March 19, 6:15PM-6:20PM ET"
2026-03-19 22:19:43.000,BUY,Up,0.9,39,0,"Ethereum Up or Down - March 19, 6:15PM-6:20PM ET"
2026-03-19 22:19:43.000,BUY,Down,0.91,4.88,0,"Bitcoin Up or Down - March 19, 6:15PM-6:20PM ET"
2026-03-19 22:19:43.000,BUY,Down,0.09,11.1978,0,"XRP Up or Down - March 19, 6:15PM-6:20PM ET"
2026-03-19 22:19:43.000,BUY,Down,0.91,75,0,"Bitcoin Up or Down - March 19, 6:15PM-6:20PM ET"
2026-03-19 22:19:43.000,BUY,Down,0.68,0.65,0,"Solana Up or Down - March 19, 6:15PM-6:20PM ET"
2026-03-19 22:19:43.000,BUY,Down,0.0900000043792213,4.567022,0,"XRP Up or Down - March 19, 6:15PM-6:20PM ET"
2026-03-19 22:19:43.000,BUY,Up,0.7600001305600335,5.208332,0,"XRP Up or Down - March 19, 6:15PM-6:20PM ET"
2026-03-19 22:19:43.000,BUY,Down,0.09,0.14,0,"XRP Up or Down - March 19, 6:15PM-6:20PM ET"
2026-03-19 22:19:43.000,BUY,Down,0.09000000196544318,5.087911,0,"XRP Up or Down - March 19, 6:15PM-6:20PM ET"
2026-03-19 22:19:41.000,BUY,Up,0.7400001291034732,5.576922,0,"XRP Up or Down - March 19, 6:15PM-6:20PM ET"
2026-03-19 22:19:41.000,BUY,Up,0.820000130285744,5.833332,0,"Ethereum Up or Down - March 19, 6:15PM-6:20PM ET"
2026-03-19 22:19:41.000,BUY,Up,0.75,21,0,"XRP Up or Down - March 19, 6:15PM-6:20PM ET"
2026-03-19 22:19:41.000,BUY,Up,0.820000130285744,5.833332,0,"Ethereum Up or Down - March 19, 6:15PM-6:20PM ET"
2026-03-19 22:19:41.000,BUY,Up,0.82,39,0,"Ethereum Up or Down - March 19, 6:15PM-6:20PM ET"
2026-03-19 22:19:41.000,BUY,Up,0.12000000654275453,12.227266,0,"Solana Up or Down - March 19, 6:15PM-6:20PM ET"
2026-03-19 22:19:39.000,BUY,Up,0.7300000331318701,20.222221,0,"XRP Up or Down - March 19, 6:15PM-6:20PM ET"
2026-03-19 22:19:39.000,BUY,Up,0.7400001291034732,5.576922,0,"XRP Up or Down - March 19, 6:15PM-6:20PM ET"
2026-03-19 22:19:39.000,BUY,Up,0.73,0.77,0,"XRP Up or Down - March 19, 6:15PM-6:20PM ET"
2026-03-19 22:19:33.000,BUY,Down,0.86,5,0,"Solana Up or Down - March 19, 6:15PM-6:20PM ET"
2026-03-19 22:19:33.000,BUY,Down,0.8600020720107745,0.357141,0,"Solana Up or Down - March 19, 6:15PM-6:20PM ET"
2026-03-19 22:19:33.000,BUY,Down,0.35,7.8,0,"XRP Up or Down - March 19, 6:15PM-6:20PM ET"
2026-03-19 22:19:31.000,BUY,Down,0.93,75,0,"Bitcoin Up or Down - March 19, 6:15PM-6:20PM ET"
2026-03-19 22:19:31.000,BUY,Up,0.43,39,0,"Ethereum Up or Down - March 19, 6:15PM-6:20PM ET"
2026-03-19 22:19:31.000,BUY,Down,0.86,21,0,"Solana Up or Down - March 19, 6:15PM-6:20PM ET"
2026-03-19 22:19:31.000,BUY,Up,0.04,75,0,"Bitcoin Up or Down - March 19, 6:15PM-6:20PM ET"
2026-03-19 22:19:29.000,BUY,Down,0.45000001740506496,14.363635,0,"XRP Up or Down - March 19, 6:15PM-6:20PM ET"
2026-03-19 22:19:29.000,BUY,Down,0.45000039286247456,0.127271,0,"XRP Up or Down - March 19, 6:15PM-6:20PM ET"
2026-03-19 22:19:27.000,BUY,Up,0.39,18,0,"Ethereum Up or Down - March 19, 6:15PM-6:20PM ET"
2026-03-19 22:19:25.000,BUY,Up,0.1,1.11111,0,"Solana Up or Down - March 19, 6:15PM-6:20PM ET"
2026-03-19 22:19:25.000,BUY,Up,0.5400000772028383,3.108694,0,"XRP Up or Down - March 19, 6:15PM-6:20PM ET"
2026-03-19 22:19:25.000,BUY,Down,0.44,1,0,"XRP Up or Down - March 19, 6:15PM-6:20PM ET"
2026-03-19 22:19:25.000,BUY,Down,0.44,20,0,"XRP Up or Down - March 19, 6:15PM-6:20PM ET"
2026-03-19 22:19:19.000,BUY,Up,0.18,2,0,"Ethereum Up or Down - March 19, 6:15PM-6:20PM ET"
2026-03-19 22:19:19.000,BUY,Up,0.2,21,0,"XRP Up or Down - March 19, 6:15PM-6:20PM ET"
2026-03-19 22:19:19.000,BUY,Up,0.21,21,0,"XRP Up or Down - March 19, 6:15PM-6:20PM ET"
2026-03-19 22:19:17.000,BUY,Up,0.18000008118827154,1.231705,0,"Ethereum Up or Down - March 19, 6:15PM-6:20PM ET"
2026-03-19 22:19:15.000,BUY,Up,0.1,0.21111,0,"Solana Up or Down - March 19, 6:15PM-6:20PM ET"
2026-03-19 22:19:15.000,BUY,Up,0.11,2.82,0,"Solana Up or Down - March 19, 6:15PM-6:20PM ET"
2026-03-19 22:19:11.000,BUY,Up,0.22,5.04,0,"XRP Up or Down - March 19, 6:15PM-6:20PM ET"
2026-03-19 22:19:11.000,BUY,Up,0.1,5,0,"Ethereum Up or Down - March 19, 6:15PM-6:20PM ET"
2026-03-19 22:19:11.000,BUY,Down,0.77,21,0,"XRP Up or Down - March 19, 6:15PM-6:20PM ET"
2026-03-19 22:19:09.000,BUY,Down,0.74,9.99,0,"XRP Up or Down - March 19, 6:15PM-6:20PM ET"
2026-03-19 22:19:09.000,BUY,Down,0.75,1,0,"XRP Up or Down - March 19, 6:15PM-6:20PM ET"
2026-03-19 22:19:09.000,BUY,Down,0.75,8,0,"XRP Up or Down - March 19, 6:15PM-6:20PM ET"
2026-03-19 22:19:09.000,BUY,Down,0.75,8,0,"XRP Up or Down - March 19, 6:15PM-6:20PM ET"
2026-03-19 22:19:09.000,BUY,Down,0.75,1,0,"XRP Up or Down - March 19, 6:15PM-6:20PM ET"
2026-03-19 22:19:09.000,BUY,Up,0.13,6,0,"Solana Up or Down - March 19, 6:15PM-6:20PM ET"
2026-03-19 22:19:07.000,BUY,Down,0.790000132300049,4.761903,0,"XRP Up or Down - March 19, 6:15PM-6:20PM ET"
2026-03-19 22:19:07.000,BUY,Up,0.2,21,0,"XRP Up or Down - March 19, 6:15PM-6:20PM ET"
2026-03-19 22:19:05.000,BUY,Up,0.060000003760011265,5.319133,0,"Bitcoin Up or Down - March 19, 6:15PM-6:20PM ET"
2026-03-19 22:19:05.000,BUY,Up,0.06,53.5,0,"Bitcoin Up or Down - March 19, 6:15PM-6:20PM ET"
2026-03-19 22:19:05.000,BUY,Up,0.06,1.1702,0,"Bitcoin Up or Down - March 19, 6:15PM-6:20PM ET"
2026-03-19 22:19:05.000,BUY,Up,0.06,5,0,"Bitcoin Up or Down - March 19, 6:15PM-6:20PM ET"
2026-03-19 22:19:05.000,BUY,Up,0.06,10,0,"Bitcoin Up or Down - March 19, 6:15PM-6:20PM ET"
2026-03-19 22:19:03.000,BUY,Up,0.07000000465000138,10.752685,0,"Bitcoin Up or Down - March 19, 6:15PM-6:20PM ET"
2026-03-19 22:19:03.000,BUY,Down,0.87,39,0,"Ethereum Up or Down - March 19, 6:15PM-6:20PM ET"
2026-03-19 22:19:03.000,BUY,Up,0.07,5,0,"Bitcoin Up or Down - March 19, 6:15PM-6:20PM ET"
2026-03-19 22:18:57.000,BUY,Down,0.86,6.24,0,"Solana Up or Down - March 19, 6:15PM-6:20PM ET"
2026-03-19 22:18:55.000,BUY,Down,0.8600003587502018,2.285713,0,"Solana Up or Down - March 19, 6:15PM-6:20PM ET"
2026-03-19 22:18:53.000,BUY,Down,0.77,8.34,0,"XRP Up or Down - March 19, 6:15PM-6:20PM ET"
2026-03-19 22:18:53.000,BUY,Down,0.7700000865730497,7.739129,0,"XRP Up or Down - March 19, 6:15PM-6:20PM ET"
2026-03-19 22:18:53.000,BUY,Down,0.78,21,0,"XRP Up or Down - March 19, 6:15PM-6:20PM ET"
2026-03-19 22:18:53.000,BUY,Up,0.21,12.66,0,"XRP Up or Down - March 19, 6:15PM-6:20PM ET"
2026-03-19 22:18:53.000,BUY,Down,0.7700001343363236,4.913042,0,"XRP Up or Down - March 19, 6:15PM-6:20PM ET"
2026-03-19 22:18:49.000,BUY,Up,0.1,5,0,"Solana Up or Down - March 19, 6:15PM-6:20PM ET"
2026-03-19 22:18:49.000,BUY,Up,0.1,5,0,"Solana Up or Down - March 19, 6:15PM-6:20PM ET"
2026-03-19 22:18:49.000,BUY,Down,0.9,15.66,0,"Ethereum Up or Down - March 19, 6:15PM-6:20PM ET"
2026-03-19 22:18:49.000,BUY,Up,0.1,1,0,"Solana Up or Down - March 19, 6:15PM-6:20PM ET"
2026-03-19 22:18:49.000,BUY,Up,0.1,5,0,"Solana Up or Down - March 19, 6:15PM-6:20PM ET"
2026-03-19 22:18:49.000,BUY,Down,0.9,3.34,0,"Ethereum Up or Down - March 19, 6:15PM-6:20PM ET"
2026-03-19 22:18:49.000,BUY,Down,0.9,20,0,"Ethereum Up or Down - March 19, 6:15PM-6:20PM ET"
2026-03-19 22:18:49.000,BUY,Up,0.1,5,0,"Solana Up or Down - March 19, 6:15PM-6:20PM ET"
2026-03-19 22:18:49.000,BUY,Up,0.07,14.27,0,"Solana Up or Down - March 19, 6:15PM-6:20PM ET"
2026-03-19 22:18:49.000,BUY,Down,0.9,9.52,0,"Bitcoin Up or Down - March 19, 6:15PM-6:20PM ET"
2026-03-19 22:18:47.000,BUY,Down,0.9,65.48,0,"Bitcoin Up or Down - March 19, 6:15PM-6:20PM ET"
2026-03-19 22:18:47.000,BUY,Up,0.07,5,0,"Solana Up or Down - March 19, 6:15PM-6:20PM ET"
2026-03-19 22:18:43.000,BUY,Up,0.08,34.86,0,"Bitcoin Up or Down - March 19, 6:15PM-6:20PM ET"
2026-03-19 22:18:43.000,BUY,Up,0.08,23.86,0,"Bitcoin Up or Down - March 19, 6:15PM-6:20PM ET"
2026-03-19 22:18:41.000,BUY,Up,0.08,14,0,"Bitcoin Up or Down - March 19, 6:15PM-6:20PM ET"
2026-03-19 22:18:41.000,BUY,Up,0.08000001754723056,2.279562,0,"Bitcoin Up or Down - March 19, 6:15PM-6:20PM ET"
2026-03-19 22:18:41.000,BUY,Up,0.08,5,0,"Solana Up or Down - March 19, 6:15PM-6:20PM ET"
2026-03-19 22:18:39.000,,,0,710.735675,0,"Bitcoin Up or Down - March 19, 6:15PM-6:20PM ET"
2026-03-19 22:18:39.000,BUY,Up,0.08,21,0,"XRP Up or Down - March 19, 6:15PM-6:20PM ET"
2026-03-19 22:18:39.000,BUY,Up,0.09000000182364912,5.483511,0,"Bitcoin Up or Down - March 19, 6:15PM-6:20PM ET"
2026-03-19 22:18:39.000,BUY,Up,0.09,23.2,0,"Bitcoin Up or Down - March 19, 6:15PM-6:20PM ET"
2026-03-19 22:18:39.000,BUY,Up,0.09,10.989,0,"Bitcoin Up or Down - March 19, 6:15PM-6:20PM ET"
2026-03-19 22:18:39.000,BUY,Up,0.09,5.9,0,"Bitcoin Up or Down - March 19, 6:15PM-6:20PM ET"
2026-03-19 22:18:39.000,BUY,Up,0.09,25.1,0,"Bitcoin Up or Down - March 19, 6:15PM-6:20PM ET"
2026-03-19 22:18:37.000,BUY,Up,0.09,4.32,0,"Bitcoin Up or Down - March 19, 6:15PM-6:20PM ET"
2026-03-19 22:18:35.000,BUY,Up,0.09,4,0,"Solana Up or Down - March 19, 6:15PM-6:20PM ET"
2026-03-19 22:18:35.000,BUY,Up,0.06,39,0,"Ethereum Up or Down - March 19, 6:15PM-6:20PM ET"
2026-03-19 22:18:35.000,BUY,Up,0.09,5,0,"XRP Up or Down - March 19, 6:15PM-6:20PM ET"
2026-03-19 22:18:33.000,BUY,Down,0.89,55.36,0,"Bitcoin Up or Down - March 19, 6:15PM-6:20PM ET"
2026-03-19 22:18:33.000,BUY,Down,0.89,9.44,0,"Bitcoin Up or Down - March 19, 6:15PM-6:20PM ET"
2026-03-19 22:18:31.000,BUY,Down,0.89,75,0,"Bitcoin Up or Down - March 19, 6:15PM-6:20PM ET"
2026-03-19 22:18:31.000,BUY,Down,0.9,75,0,"Bitcoin Up or Down - March 19, 6:15PM-6:20PM ET"
2026-03-19 22:18:31.000,BUY,Down,0.89,10.2,0,"Bitcoin Up or Down - March 19, 6:15PM-6:20PM ET"
2026-03-19 22:18:29.000,BUY,Up,0.09,5,0,"Solana Up or Down - March 19, 6:15PM-6:20PM ET"
2026-03-19 22:18:27.000,BUY,Up,0.08,75,0,"Bitcoin Up or Down - March 19, 6:15PM-6:20PM ET"
2026-03-19 22:18:27.000,BUY,Up,0.07,75,0,"Bitcoin Up or Down - March 19, 6:15PM-6:20PM ET"
2026-03-19 22:18:25.000,BUY,Up,0.07000002325002848,1.720428,0,"Solana Up or Down - March 19, 6:15PM-6:20PM ET"
2026-03-19 22:18:23.000,BUY,Down,0.89,75,0,"Bitcoin Up or Down - March 19, 6:15PM-6:20PM ET"
2026-03-19 22:18:23.000,BUY,Down,0.9,75,0,"Bitcoin Up or Down - March 19, 6:15PM-6:20PM ET"
2026-03-19 22:18:19.000,BUY,Up,0.07,75,0,"Bitcoin Up or Down - March 19, 6:15PM-6:20PM ET"
2026-03-19 22:18:19.000,BUY,Up,0.08,75,0,"Bitcoin Up or Down - March 19, 6:15PM-6:20PM ET"
2026-03-19 22:18:15.000,BUY,Up,0.08,75,0,"Bitcoin Up or Down - March 19, 6:15PM-6:20PM ET"
2026-03-19 22:18:15.000,BUY,Down,0.88,54.4,0,"Bitcoin Up or Down - March 19, 6:15PM-6:20PM ET"
2026-03-19 22:18:15.000,BUY,Down,0.89,75,0,"Bitcoin Up or Down - March 19, 6:15PM-6:20PM ET"
2026-03-19 22:18:13.000,BUY,Up,0.11,15,0,"XRP Up or Down - March 19, 6:15PM-6:20PM ET"
2026-03-19 22:18:11.000,BUY,Up,0.09,75,0,"Bitcoin Up or Down - March 19, 6:15PM-6:20PM ET"
2026-03-19 22:18:09.000,BUY,Down,0.8800001008000161,8.333332,0,"Bitcoin Up or Down - March 19, 6:15PM-6:20PM ET"
2026-03-19 22:18:09.000,BUY,Down,0.88,4.21,0,"Bitcoin Up or Down - March 19, 6:15PM-6:20PM ET"
2026-03-19 22:18:07.000,BUY,Down,0.88,8.05,0,"Bitcoin Up or Down - March 19, 6:15PM-6:20PM ET"
2026-03-19 22:18:07.000,BUY,Down,0.85,21,0,"Solana Up or Down - March 19, 6:15PM-6:20PM ET"
2026-03-19 22:18:07.000,BUY,Down,0.86,21,0,"Solana Up or Down - March 19, 6:15PM-6:20PM ET"
2026-03-19 22:18:07.000,BUY,Down,0.87,12.53,0,"Bitcoin Up or Down - March 19, 6:15PM-6:20PM ET"
2026-03-19 22:18:07.000,BUY,Down,0.88,75,0,"Bitcoin Up or Down - March 19, 6:15PM-6:20PM ET"
2026-03-19 22:18:05.000,BUY,Down,0.91,19,0,"Ethereum Up or Down - March 19, 6:15PM-6:20PM ET"
2026-03-19 22:18:03.000,BUY,Down,0.86,2.28,0,"XRP Up or Down - March 19, 6:15PM-6:20PM ET"
2026-03-19 22:18:03.000,BUY,Down,0.91,20,0,"Ethereum Up or Down - March 19, 6:15PM-6:20PM ET"
2026-03-19 22:18:03.000,BUY,Up,0.1,17.18888,0,"Solana Up or Down - March 19, 6:15PM-6:20PM ET"
2026-03-19 22:18:03.000,BUY,Up,0.1,75,0,"Bitcoin Up or Down - March 19, 6:15PM-6:20PM ET"
2026-03-19 22:18:03.000,BUY,Up,0.11,75,0,"Bitcoin Up or Down - March 19, 6:15PM-6:20PM ET"
2026-03-19 22:17:59.000,BUY,Down,0.89,21,0,"XRP Up or Down - March 19, 6:15PM-6:20PM ET"
2026-03-19 22:17:59.000,BUY,Down,0.89,21,0,"XRP Up or Down - March 19, 6:15PM-6:20PM ET"
2026-03-19 22:17:59.000,BUY,Down,0.8700000124875312,62.462306,0,"Bitcoin Up or Down - March 19, 6:15PM-6:20PM ET"
2026-03-19 22:17:59.000,BUY,Down,0.88,75,0,"Bitcoin Up or Down - March 19, 6:15PM-6:20PM ET"
2026-03-19 22:17:59.000,BUY,Up,0.1,0.56844,0,"Solana Up or Down - March 19, 6:15PM-6:20PM ET"
2026-03-19 22:17:55.000,BUY,Down,0.91,8.5,0,"Solana Up or Down - March 19, 6:15PM-6:20PM ET"
2026-03-19 22:17:55.000,BUY,Up,0.08,75,0,"Bitcoin Up or Down - March 19, 6:15PM-6:20PM ET"
2026-03-19 22:17:53.000,BUY,Down,0.89,16.95,0,"Bitcoin Up or Down - March 19, 6:15PM-6:20PM ET"
2026-03-19 22:17:53.000,BUY,Down,0.89,58.05,0,"Bitcoin Up or Down - March 19, 6:15PM-6:20PM ET"
2026-03-19 22:17:51.000,BUY,Up,0.06,5,0,"Solana Up or Down - March 19, 6:15PM-6:20PM ET"
2026-03-19 22:17:51.000,BUY,Up,0.06,1.07,0,"Solana Up or Down - March 19, 6:15PM-6:20PM ET"
2026-03-19 22:17:51.000,BUY,Down,0.89,75,0,"Bitcoin Up or Down - March 19, 6:15PM-6:20PM ET"
2026-03-19 22:17:45.000,BUY,Down,0.92,5.42,0,"Solana Up or Down - March 19, 6:15PM-6:20PM ET"
2026-03-19 22:17:43.000,BUY,Up,0.06,11.26,0,"Ethereum Up or Down - March 19, 6:15PM-6:20PM ET"
2026-03-19 22:17:39.000,,,0,968.298556,0,"Bitcoin Up or Down - March 19, 6:15PM-6:20PM ET"
2026-03-19 22:17:37.000,BUY,Up,0.08,75,0,"Bitcoin Up or Down - March 19, 6:15PM-6:20PM ET"
2026-03-19 22:17:35.000,BUY,Up,0.09000000689394391,11.604388,0,"Bitcoin Up or Down - March 19, 6:15PM-6:20PM ET"
2026-03-19 22:17:35.000,BUY,Up,0.09000000478947617,8.351644,0,"Bitcoin Up or Down - March 19, 6:15PM-6:20PM ET"
2026-03-19 22:17:35.000,BUY,Up,0.06,26.34,0,"Ethereum Up or Down - March 19, 6:15PM-6:20PM ET"
2026-03-19 22:17:33.000,BUY,Up,0.09,8,0,"Bitcoin Up or Down - March 19, 6:15PM-6:20PM ET"
2026-03-19 22:17:33.000,BUY,Up,0.06,5,0,"Ethereum Up or Down - March 19, 6:15PM-6:20PM ET"
2026-03-19 22:17:33.000,BUY,Up,0.06,7.66,0,"Ethereum Up or Down - March 19, 6:15PM-6:20PM ET"
2026-03-19 22:17:31.000,BUY,Up,0.09,21,0,"Solana Up or Down - March 19, 6:15PM-6:20PM ET"
2026-03-19 22:17:31.000,BUY,Up,0.11,29.65,0,"Bitcoin Up or Down - March 19, 6:15PM-6:20PM ET"
2026-03-19 22:17:31.000,BUY,Up,0.11,45.35,0,"Bitcoin Up or Down - March 19, 6:15PM-6:20PM ET"
2026-03-19 22:17:31.000,BUY,Up,0.12,6.17,0,"Bitcoin Up or Down - March 19, 6:15PM-6:20PM ET"
2026-03-19 22:17:31.000,BUY,Up,0.08,10.27,0,"Ethereum Up or Down - March 19, 6:15PM-6:20PM ET"
2026-03-19 22:17:29.000,BUY,Up,0.12,2.52,0,"Bitcoin Up or Down - March 19, 6:15PM-6:20PM ET"
2026-03-19 22:17:29.000,BUY,Up,0.12000000187563306,42.652266,0,"Bitcoin Up or Down - March 19, 6:15PM-6:20PM ET"
2026-03-19 22:17:27.000,BUY,Up,0.12000000560509996,7.136358,0,"Solana Up or Down - March 19, 6:15PM-6:20PM ET"
2026-03-19 22:17:25.000,BUY,Down,0.8600001176000188,7.142856,0,"Bitcoin Up or Down - March 19, 6:15PM-6:20PM ET"
2026-03-19 22:17:25.000,BUY,Down,0.86,1.16,0,"Bitcoin Up or Down - March 19, 6:15PM-6:20PM ET"
2026-03-19 22:17:25.000,BUY,Down,0.86,66.69,0,"Bitcoin Up or Down - March 19, 6:15PM-6:20PM ET"
2026-03-19 22:17:25.000,BUY,Up,0.12,8.94,0,"Solana Up or Down - March 19, 6:15PM-6:20PM ET"
2026-03-19 22:17:25.000,BUY,Up,0.12,12.06,0,"Solana Up or Down - March 19, 6:15PM-6:20PM ET"
2026-03-19 22:17:23.000,BUY,Up,0.13000000593182084,5.057469,0,"Solana Up or Down - March 19, 6:15PM-6:20PM ET"
2026-03-19 22:17:21.000,BUY,Up,0.12,75,0,"Bitcoin Up or Down - March 19, 6:15PM-6:20PM ET"
2026-03-19 22:17:19.000,BUY,Down,0.86,17.91,0,"Bitcoin Up or Down - March 19, 6:15PM-6:20PM ET"
2026-03-19 22:17:19.000,BUY,Up,0.08,5,0,"XRP Up or Down - March 19, 6:15PM-6:20PM ET"
2026-03-19 22:17:19.000,BUY,Up,0.08,7.739125,0,"XRP Up or Down - March 19, 6:15PM-6:20PM ET"
2026-03-19 22:17:19.000,BUY,Up,0.09,21,0,"XRP Up or Down - March 19, 6:15PM-6:20PM ET"
2026-03-19 22:17:19.000,BUY,Down,0.86,35,0,"Bitcoin Up or Down - March 19, 6:15PM-6:20PM ET"
2026-03-19 22:17:17.000,BUY,Down,0.86,22.09,0,"Bitcoin Up or Down - March 19, 6:15PM-6:20PM ET"
2026-03-19 22:17:17.000,BUY,Down,0.8700000543034815,15.836922,0,"Bitcoin Up or Down - March 19, 6:15PM-6:20PM ET"
2026-03-19 22:17:17.000,BUY,Down,0.8700000388335726,21.630768,0,"Bitcoin Up or Down - March 19, 6:15PM-6:20PM ET"
2026-03-19 22:17:17.000,BUY,Down,0.87,39,0,"Ethereum Up or Down - March 19, 6:15PM-6:20PM ET"
2026-03-19 22:17:17.000,BUY,Down,0.88,39,0,"Ethereum Up or Down - March 19, 6:15PM-6:20PM ET"
2026-03-19 22:17:17.000,BUY,Down,0.8700000289808937,26.569229,0,"Bitcoin Up or Down - March 19, 6:15PM-6:20PM ET"
2026-03-19 22:17:15.000,BUY,Up,0.1,5.27777,0,"Bitcoin Up or Down - March 19, 6:15PM-6:20PM ET"
2026-03-19 22:17:15.000,BUY,Up,0.1,5.55555,0,"Bitcoin Up or Down - March 19, 6:15PM-6:20PM ET"
2026-03-19 22:17:15.000,BUY,Up,0.1,5.1,0,"Bitcoin Up or Down - March 19, 6:15PM-6:20PM ET"
2026-03-19 22:17:15.000,BUY,Up,0.1,7.34111,0,"Bitcoin Up or Down - March 19, 6:15PM-6:20PM ET"
2026-03-19 22:17:13.000,BUY,Down,0.88,21,0,"XRP Up or Down - March 19, 6:15PM-6:20PM ET"
2026-03-19 22:17:13.000,BUY,Down,0.83,21,0,"Solana Up or Down - March 19, 6:15PM-6:20PM ET"
2026-03-19 22:17:13.000,BUY,Down,0.84,21,0,"Solana Up or Down - March 19, 6:15PM-6:20PM ET"
2026-03-19 22:17:11.000,BUY,Up,0.1,75,0,"Bitcoin Up or Down - March 19, 6:15PM-6:20PM ET"
2026-03-19 22:17:11.000,BUY,Up,0.1,11.72,0,"Bitcoin Up or Down - March 19, 6:15PM-6:20PM ET"
2026-03-19 22:17:11.000,BUY,Up,0.1,75,0,"Bitcoin Up or Down - March 19, 6:15PM-6:20PM ET"
2026-03-19 22:17:11.000,BUY,Up,0.1,63.28,0,"Bitcoin Up or Down - March 19, 6:15PM-6:20PM ET"
2026-03-19 22:17:09.000,BUY,Down,0.8500000233727393,32.088665,0,"Bitcoin Up or Down - March 19, 6:15PM-6:20PM ET"
2026-03-19 22:17:09.000,BUY,Down,0.8500001125000282,6.666665,0,"Ethereum Up or Down - March 19, 6:15PM-6:20PM ET"
2026-03-19 22:17:09.000,BUY,Down,0.850000447316548,1.676665,0,"Ethereum Up or Down - March 19, 6:15PM-6:20PM ET"
2026-03-19 22:17:07.000,BUY,Up,0.11,3.0337,0,"Bitcoin Up or Down - March 19, 6:15PM-6:20PM ET"
2026-03-19 22:17:07.000,BUY,Up,0.1100000151704629,1.977527,0,"Bitcoin Up or Down - March 19, 6:15PM-6:20PM ET"
2026-03-19 22:17:07.000,BUY,Up,0.11,28.8,0,"Bitcoin Up or Down - March 19, 6:15PM-6:20PM ET"
2026-03-19 22:17:07.000,BUY,Up,0.11,16.82,0,"Bitcoin Up or Down - March 19, 6:15PM-6:20PM ET"
2026-03-19 22:17:07.000,BUY,Up,0.11,3.0337,0,"Bitcoin Up or Down - March 19, 6:15PM-6:20PM ET"
2026-03-19 22:17:07.000,BUY,Down,0.85,64.27,0,"Bitcoin Up or Down - March 19, 6:15PM-6:20PM ET"
2026-03-19 22:17:07.000,BUY,Up,0.11,3.0337,0,"Bitcoin Up or Down - March 19, 6:15PM-6:20PM ET"
2026-03-19 22:17:07.000,BUY,Up,0.11,3.0337,0,"Bitcoin Up or Down - March 19, 6:15PM-6:20PM ET"
2026-03-19 22:17:07.000,BUY,Up,0.11,3.0337,0,"Bitcoin Up or Down - March 19, 6:15PM-6:20PM ET"
2026-03-19 22:17:07.000,BUY,Up,0.11,3,0,"Bitcoin Up or Down - March 19, 6:15PM-6:20PM ET"
2026-03-19 22:17:07.000,BUY,Up,0.11,3.0337,0,"Bitcoin Up or Down - March 19, 6:15PM-6:20PM ET"
2026-03-19 22:17:05.000,BUY,Up,0.14,0.83,0,"Bitcoin Up or Down - March 19, 6:15PM-6:20PM ET"
2026-03-19 22:17:05.000,BUY,Up,0.11,3.0337,0,"Bitcoin Up or Down - March 19, 6:15PM-6:20PM ET"
2026-03-19 22:17:05.000,BUY,Up,0.11000004854549603,1.235954,0,"Bitcoin Up or Down - March 19, 6:15PM-6:20PM ET"
2026-03-19 22:17:05.000,BUY,Up,0.11,1.8737,0,"Bitcoin Up or Down - March 19, 6:15PM-6:20PM ET"
2026-03-19 22:17:05.000,BUY,Up,0.140000001368817,14.611157,0,"Bitcoin Up or Down - March 19, 6:15PM-6:20PM ET"
2026-03-19 22:17:05.000,BUY,Up,0.14,13.16,0,"Bitcoin Up or Down - March 19, 6:15PM-6:20PM ET"
2026-03-19 22:17:05.000,BUY,Up,0.14,11.6279,0,"Bitcoin Up or Down - March 19, 6:15PM-6:20PM ET"
2026-03-19 22:17:03.000,BUY,Up,0.14000002636020295,3.034878,0,"Bitcoin Up or Down - March 19, 6:15PM-6:20PM ET"
2026-03-19 22:17:03.000,BUY,Up,0.14,8.23,0,"Bitcoin Up or Down - March 19, 6:15PM-6:20PM ET"
2026-03-19 22:17:03.000,BUY,Up,0.14,5,0,"Bitcoin Up or Down - March 19, 6:15PM-6:20PM ET"
2026-03-19 22:17:03.000,BUY,Up,0.14,12.67,0,"Bitcoin Up or Down - March 19, 6:15PM-6:20PM ET"
2026-03-19 22:17:03.000,BUY,Up,0.14,5.81395,0,"Bitcoin Up or Down - March 19, 6:15PM-6:20PM ET"
2026-03-19 22:17:01.000,BUY,Up,0.21,21,0,"XRP Up or Down - March 19, 6:15PM-6:20PM ET"
2026-03-19 22:16:59.000,BUY,Up,0.23000000834289452,20.376621,0,"XRP Up or Down - March 19, 6:15PM-6:20PM ET"
2026-03-19 22:16:51.000,BUY,Up,0.42000000320442005,31.206895,0,"Ethereum Up or Down - March 19, 6:15PM-6:20PM ET"
2026-03-19 22:16:47.000,BUY,Down,0.65,21,0,"Solana Up or Down - March 19, 6:15PM-6:20PM ET"
2026-03-19 22:16:43.000,BUY,Down,0.56,39,0,"Ethereum Up or Down - March 19, 6:15PM-6:20PM ET"
2026-03-19 22:16:43.000,BUY,Up,0.34000001930530815,8.287876,0,"Solana Up or Down - March 19, 6:15PM-6:20PM ET"
2026-03-19 22:16:43.000,BUY,Up,0.34,1.51515,0,"Solana Up or Down - March 19, 6:15PM-6:20PM ET"
2026-03-19 22:16:41.000,BUY,Up,0.3400000221881921,8.112423,0,"Solana Up or Down - March 19, 6:15PM-6:20PM ET"
2026-03-19 22:16:41.000,BUY,Down,0.64,3.72,0,"Solana Up or Down - March 19, 6:15PM-6:20PM ET"
2026-03-19 22:16:39.000,BUY,Down,0.6400000230400031,13.888887,0,"Solana Up or Down - March 19, 6:15PM-6:20PM ET"
2026-03-19 22:16:39.000,BUY,Down,0.64,3.39,0,"Solana Up or Down - March 19, 6:15PM-6:20PM ET"
2026-03-19 22:16:37.000,BUY,Up,0.29,21,0,"XRP Up or Down - March 19, 6:15PM-6:20PM ET"
2026-03-19 22:16:37.000,BUY,Up,0.2,5.12,0,"Bitcoin Up or Down - March 19, 6:15PM-6:20PM ET"
2026-03-19 22:16:37.000,BUY,Up,0.2,7.3125,0,"Bitcoin Up or Down - March 19, 6:15PM-6:20PM ET"
2026-03-19 22:16:37.000,BUY,Up,0.2,7.55,0,"Bitcoin Up or Down - March 19, 6:15PM-6:20PM ET"
2026-03-19 22:16:37.000,BUY,Up,0.2,1.25,0,"Bitcoin Up or Down - March 19, 6:15PM-6:20PM ET"
2026-03-19 22:16:37.000,BUY,Up,0.2,1.25,0,"Bitcoin Up or Down - March 19, 6:15PM-6:20PM ET"
2026-03-19 22:16:37.000,BUY,Up,0.2,5.425,0,"Bitcoin Up or Down - March 19, 6:15PM-6:20PM ET"
2026-03-19 22:16:37.000,BUY,Up,0.2,15,0,"Bitcoin Up or Down - March 19, 6:15PM-6:20PM ET"
2026-03-19 22:16:37.000,BUY,Up,0.2,4.075,0,"Bitcoin Up or Down - March 19, 6:15PM-6:20PM ET"
2026-03-19 22:16:37.000,BUY,Up,0.2,15,0,"Bitcoin Up or Down - March 19, 6:15PM-6:20PM ET"
2026-03-19 22:16:37.000,BUY,Up,0.2,13,0,"Bitcoin Up or Down - March 19, 6:15PM-6:20PM ET"
2026-03-19 22:16:35.000,BUY,Up,0.46,39,0,"Ethereum Up or Down - March 19, 6:15PM-6:20PM ET"
2026-03-19 22:16:35.000,BUY,Down,0.6900001186994201,5.139031,0,"XRP Up or Down - March 19, 6:15PM-6:20PM ET"
2026-03-19 22:16:27.000,BUY,Down,0.66,1,0,"XRP Up or Down - March 19, 6:15PM-6:20PM ET"
2026-03-19 22:16:23.000,BUY,Down,0.67,32.64,0,"Bitcoin Up or Down - March 19, 6:15PM-6:20PM ET"
2026-03-19 22:16:23.000,BUY,Up,0.49,5,0,"Ethereum Up or Down - March 19, 6:15PM-6:20PM ET"
2026-03-19 22:16:23.000,BUY,Up,0.49,5,0,"Ethereum Up or Down - March 19, 6:15PM-6:20PM ET"
2026-03-19 22:16:23.000,BUY,Up,0.49,5,0,"Ethereum Up or Down - March 19, 6:15PM-6:20PM ET"
2026-03-19 22:16:23.000,BUY,Up,0.49,5,0,"Ethereum Up or Down - March 19, 6:15PM-6:20PM ET"
2026-03-19 22:16:23.000,BUY,Up,0.49,5,0,"Ethereum Up or Down - March 19, 6:15PM-6:20PM ET"
2026-03-19 22:16:23.000,BUY,Up,0.49,5,0,"Ethereum Up or Down - March 19, 6:15PM-6:20PM ET"
2026-03-19 22:16:23.000,BUY,Up,0.49,4,0,"Ethereum Up or Down - March 19, 6:15PM-6:20PM ET"
2026-03-19 22:16:23.000,BUY,Up,0.49,5,0,"Ethereum Up or Down - March 19, 6:15PM-6:20PM ET"
2026-03-19 22:16:19.000,BUY,Down,0.68,11.545,0,"Bitcoin Up or Down - March 19, 6:15PM-6:20PM ET"
2026-03-19 22:16:17.000,BUY,Down,0.7,7.14,0,"Bitcoin Up or Down - March 19, 6:15PM-6:20PM ET"
2026-03-19 22:16:17.000,BUY,Down,0.69,75,0,"Bitcoin Up or Down - March 19, 6:15PM-6:20PM ET"
2026-03-19 22:16:17.000,BUY,Down,0.5,9.14,0,"Ethereum Up or Down - March 19, 6:15PM-6:20PM ET"
2026-03-19 22:16:13.000,BUY,Down,0.5700001280851363,4.372092,0,"Solana Up or Down - March 19, 6:15PM-6:20PM ET"
2026-03-19 22:16:11.000,BUY,Down,0.7,5.39,0,"Bitcoin Up or Down - March 19, 6:15PM-6:20PM ET"
2026-03-19 22:16:11.000,BUY,Down,0.7000000750000187,6.666665,0,"Bitcoin Up or Down - March 19, 6:15PM-6:20PM ET"
2026-03-19 22:16:11.000,BUY,Up,0.5,12,0,"Ethereum Up or Down - March 19, 6:15PM-6:20PM ET"
2026-03-19 22:16:11.000,BUY,Up,0.2900000058338598,10.284786,0,"Bitcoin Up or Down - March 19, 6:15PM-6:20PM ET"
2026-03-19 22:16:11.000,BUY,Down,0.7000000095338985,62.933332,0,"Bitcoin Up or Down - March 19, 6:15PM-6:20PM ET"
2026-03-19 22:16:09.000,BUY,Down,0.7,10.19,0,"Bitcoin Up or Down - March 19, 6:15PM-6:20PM ET"
2026-03-19 22:16:09.000,BUY,Down,0.7,28.67,0,"Bitcoin Up or Down - March 19, 6:15PM-6:20PM ET"
2026-03-19 22:16:09.000,BUY,Down,0.7,25.95,0,"Bitcoin Up or Down - March 19, 6:15PM-6:20PM ET"
2026-03-19 22:16:09.000,BUY,Down,0.58,3.5,0,"Solana Up or Down - March 19, 6:15PM-6:20PM ET"
2026-03-19 22:16:09.000,BUY,Down,0.7,10.19,0,"Bitcoin Up or Down - March 19, 6:15PM-6:20PM ET"
2026-03-19 22:16:09.000,BUY,Down,0.71,2.38,0,"Bitcoin Up or Down - March 19, 6:15PM-6:20PM ET"
2026-03-19 22:16:09.000,BUY,Down,0.7100000522000081,10.344826,0,"Bitcoin Up or Down - March 19, 6:15PM-6:20PM ET"
2026-03-19 22:16:09.000,BUY,Down,0.71,62.27,0,"Bitcoin Up or Down - March 19, 6:15PM-6:20PM ET"
2026-03-19 22:16:05.000,BUY,Down,0.46,14,0,"Ethereum Up or Down - March 19, 6:15PM-6:20PM ET"
2026-03-19 22:16:03.000,BUY,Down,0.42,5,0,"Solana Up or Down - March 19, 6:15PM-6:20PM ET"
2026-03-19 22:16:03.000,BUY,Down,0.42,1.19,0,"Solana Up or Down - March 19, 6:15PM-6:20PM ET"
2026-03-19 22:16:01.000,BUY,Up,0.57,1.97,0,"Solana Up or Down - March 19, 6:15PM-6:20PM ET"
2026-03-19 22:15:59.000,BUY,Up,0.57,5,0,"Solana Up or Down - March 19, 6:15PM-6:20PM ET"
2026-03-19 22:15:59.000,BUY,Up,0.57,5,0,"Solana Up or Down - March 19, 6:15PM-6:20PM ET"
2026-03-19 22:15:59.000,BUY,Up,0.57,5,0,"Solana Up or Down - March 19, 6:15PM-6:20PM ET"
2026-03-19 22:15:59.000,BUY,Down,0.4600000097200008,18.518517,0,"Bitcoin Up or Down - March 19, 6:15PM-6:20PM ET"
2026-03-19 22:15:57.000,BUY,Up,0.58,5,0,"Solana Up or Down - March 19, 6:15PM-6:20PM ET"
2026-03-19 22:15:57.000,BUY,Up,0.58,0.61,0,"Solana Up or Down - March 19, 6:15PM-6:20PM ET"
2026-03-19 22:15:57.000,BUY,Up,0.58,5,0,"Solana Up or Down - March 19, 6:15PM-6:20PM ET"
2026-03-19 22:15:57.000,BUY,Up,0.58,5,0,"Solana Up or Down - March 19, 6:15PM-6:20PM ET"
2026-03-19 22:15:57.000,BUY,Up,0.58,5,0,"Solana Up or Down - March 19, 6:15PM-6:20PM ET"
2026-03-19 22:15:57.000,BUY,Up,0.58,0.39,0,"Solana Up or Down - March 19, 6:15PM-6:20PM ET"
2026-03-19 22:15:57.000,BUY,Up,0.43000016150008885,2.105262,0,"XRP Up or Down - March 19, 6:15PM-6:20PM ET"
2026-03-19 22:15:57.000,BUY,Up,0.43000001855030073,5.929823,0,"XRP Up or Down - March 19, 6:15PM-6:20PM ET"
2026-03-19 22:15:55.000,BUY,Up,0.54,62.28,0,"Bitcoin Up or Down - March 19, 6:15PM-6:20PM ET"
2026-03-19 22:15:55.000,BUY,Up,0.54,2.5,0,"Bitcoin Up or Down - March 19, 6:15PM-6:20PM ET"
2026-03-19 22:15:55.000,BUY,Up,0.5400000391489411,10.21739,0,"Bitcoin Up or Down - March 19, 6:15PM-6:20PM ET"
2026-03-19 22:15:49.000,BUY,Up,0.38,18.21,0,"XRP Up or Down - March 19, 6:15PM-6:20PM ET"
2026-03-19 22:15:49.000,BUY,Up,0.38,2.79,0,"XRP Up or Down - March 19, 6:15PM-6:20PM ET"
2026-03-19 22:15:45.000,BUY,Up,0.53,75,0,"Bitcoin Up or Down - March 19, 6:15PM-6:20PM ET"
2026-03-19 22:15:45.000,BUY,Up,0.6500000331008441,12.084284,0,"Ethereum Up or Down - March 19, 6:15PM-6:20PM ET"
2026-03-19 22:15:39.000,BUY,Down,0.44,8.875,0,"Solana Up or Down - March 19, 6:15PM-6:20PM ET"
2026-03-19 22:15:35.000,BUY,Up,0.540000015640001,21.739129,0,"Bitcoin Up or Down - March 19, 6:15PM-6:20PM ET"
2026-03-19 22:15:35.000,BUY,Down,0.44,3.18,0,"Solana Up or Down - March 19, 6:15PM-6:20PM ET"
2026-03-19 22:15:35.000,BUY,Down,0.4400009163663022,0.392856,0,"Solana Up or Down - March 19, 6:15PM-6:20PM ET"
2026-03-19 22:15:31.000,BUY,Up,0.5400002392001149,2.173912,0,"Ethereum Up or Down - March 19, 6:15PM-6:20PM ET"
2026-03-19 22:15:29.000,BUY,Down,0.5500000156612542,19.155554,0,"XRP Up or Down - March 19, 6:15PM-6:20PM ET"
2026-03-19 22:15:29.000,BUY,Up,0.5400003626442906,1.433912,0,"Ethereum Up or Down - March 19, 6:15PM-6:20PM ET"
2026-03-19 22:15:29.000,BUY,Up,0.5400002392001149,2.173912,0,"Ethereum Up or Down - March 19, 6:15PM-6:20PM ET"
2026-03-19 22:15:29.000,BUY,Up,0.49,75,0,"Bitcoin Up or Down - March 19, 6:15PM-6:20PM ET"
2026-03-19 22:15:27.000,BUY,Up,0.47,75,0,"Bitcoin Up or Down - March 19, 6:15PM-6:20PM ET"
2026-03-19 22:15:27.000,BUY,Down,0.4800000392452906,7.134614,0,"Solana Up or Down - March 19, 6:15PM-6:20PM ET"
2026-03-19 22:15:17.000,BUY,Down,0.61,75,0,"Bitcoin Up or Down - March 19, 6:15PM-6:20PM ET"
2026-03-19 22:15:13.000,,,0,197.445217,0,"Solana Up or Down - March 19, 5:55PM-6:00PM ET"
2026-03-19 22:15:13.000,BUY,Down,0.6400000222857155,23.333332,0,"Bitcoin Up or Down - March 19, 6:15PM-6:20PM ET"
2026-03-19 22:15:13.000,BUY,Down,0.64,37.82,0,"Bitcoin Up or Down - March 19, 6:15PM-6:20PM ET"
2026-03-19 22:15:13.000,BUY,Down,0.64,5.5,0,"Bitcoin Up or Down - March 19, 6:15PM-6:20PM ET"
2026-03-19 22:15:13.000,BUY,Down,0.6400001560000624,3.333332,0,"Bitcoin Up or Down - March 19, 6:15PM-6:20PM ET"
2026-03-19 22:15:13.000,BUY,Down,0.64,5,0,"Bitcoin Up or Down - March 19, 6:15PM-6:20PM ET"
2026-03-19 22:15:11.000,BUY,Down,0.72,25,0,"Bitcoin Up or Down - March 19, 6:15PM-6:20PM ET"
2026-03-19 22:15:11.000,BUY,Down,0.63,5,0,"Bitcoin Up or Down - March 19, 6:15PM-6:20PM ET"
2026-03-19 22:15:11.000,BUY,Down,0.6,15.11,0,"XRP Up or Down - March 19, 6:15PM-6:20PM ET"
2026-03-19 22:15:11.000,BUY,Down,0.59,13.75,0,"Solana Up or Down - March 19, 6:15PM-6:20PM ET"
2026-03-19 22:15:11.000,BUY,Down,0.5900000565993379,7.243901,0,"Solana Up or Down - March 19, 6:15PM-6:20PM ET"
2026-03-19 22:15:11.000,BUY,Down,0.61,1.32,0,"XRP Up or Down - March 19, 6:15PM-6:20PM ET"
2026-03-19 22:15:11.000,BUY,Down,0.63,10,0,"Bitcoin Up or Down - March 19, 6:15PM-6:20PM ET"
2026-03-19 22:15:11.000,BUY,Down,0.63,10,0,"Bitcoin Up or Down - March 19, 6:15PM-6:20PM ET"
2026-03-19 22:15:11.000,BUY,Down,0.6100000390000057,10.512819,0,"XRP Up or Down - March 19, 6:15PM-6:20PM ET"
2026-03-19 22:15:11.000,BUY,Down,0.61,4.03,0,"XRP Up or Down - March 19, 6:15PM-6:20PM ET"
2026-03-19 22:15:11.000,BUY,Down,0.7,20,0,"Bitcoin Up or Down - March 19, 6:15PM-6:20PM ET"
2026-03-19 22:15:11.000,BUY,Down,0.7,35,0,"Bitcoin Up or Down - March 19, 6:15PM-6:20PM ET"
2026-03-19 22:15:11.000,BUY,Up,0.2800000210989159,3.791664,0,"Bitcoin Up or Down - March 19, 6:15PM-6:20PM ET"
2026-03-19 22:15:11.000,BUY,Down,0.610000109200024,5.128204,0,"XRP Up or Down - March 19, 6:15PM-6:20PM ET"
2026-03-19 22:15:11.000,BUY,Down,0.72,4.65,0,"Bitcoin Up or Down - March 19, 6:15PM-6:20PM ET"
2026-03-19 22:15:11.000,BUY,Down,0.72,5,0,"Bitcoin Up or Down - March 19, 6:15PM-6:20PM ET"
2026-03-19 22:15:11.000,BUY,Down,0.72,30.35,0,"Bitcoin Up or Down - March 19, 6:15PM-6:20PM ET"
2026-03-19 22:15:11.000,BUY,Down,0.61,20.53,0,"Ethereum Up or Down - March 19, 6:15PM-6:20PM ET"
